Division,Line,Station Name,Station Latitude,Station Longitude
BMT,4 Avenue,25th St,40.660397,-73.998091
BMT,4 Avenue,25th St,40.660397,-73.998091
BMT,4 Avenue,36th St,40.655144,-74.003549
BMT,4 Avenue,36th St,40.655144,-74.003549
BMT,4 Avenue,36th St,40.655144,-74.003549
BMT,4 Avenue,45th St,40.648939,-74.010006
BMT,4 Avenue,45th St,40.648939,-74.010006
BMT,4 Avenue,45th St,40.648939,-74.010006
BMT,4 Avenue,45th St,40.648939,-74.010006
BMT,4 Avenue,53rd St,40.645069,-74.014034
BMT,4 Avenue,53rd St,40.645069,-74.014034
BMT,4 Avenue,53rd St,40.645069,-74.014034
BMT,4 Avenue,53rd St,40.645069,-74.014034
BMT,4 Avenue,53rd St,40.645069,-74.014034
BMT,4 Avenue,59th St,40.641362,-74.017881
BMT,4 Avenue,59th St,40.641362,-74.017881
BMT,4 Avenue,59th St,40.641362,-74.017881
BMT,4 Avenue,59th St,40.641362,-74.017881
BMT,4 Avenue,59th St,40.641362,-74.017881
BMT,4 Avenue,59th St,40.641362,-74.017881
BMT,4 Avenue,77th St,40.629742,-74.02551
BMT,4 Avenue,77th St,40.629742,-74.02551
BMT,4 Avenue,77th St,40.629742,-74.02551
BMT,4 Avenue,86th St,40.622687,-74.028398
BMT,4 Avenue,86th St,40.622687,-74.028398
BMT,4 Avenue,86th St,40.622687,-74.028398
BMT,4 Avenue,95th St,40.616622,-74.030876
BMT,4 Avenue,95th St,40.616622,-74.030876
BMT,4 Avenue,95th St,40.616622,-74.030876
BMT,4 Avenue,95th St,40.616622,-74.030876
BMT,4 Avenue,95th St,40.616622,-74.030876
BMT,4 Avenue,9th St,40.670847,-73.988302
BMT,4 Avenue,9th St,40.670847,-73.988302
BMT,4 Avenue,Atlantic Av-Barclays Ctr,40.683666,-73.97881
BMT,4 Avenue,Bay Ridge Av,40.634967,-74.023377
BMT,4 Avenue,Bay Ridge Av,40.634967,-74.023377
BMT,4 Avenue,Bay Ridge Av,40.634967,-74.023377
BMT,4 Avenue,DeKalb Av,40.690635,-73.981824
BMT,4 Avenue,DeKalb Av,40.690635,-73.981824
BMT,4 Avenue,DeKalb Av,40.690635,-73.981824
BMT,4 Avenue,DeKalb Av,40.690635,-73.981824
BMT,4 Avenue,DeKalb Av,40.690635,-73.981824
BMT,4 Avenue,DeKalb Av,40.690635,-73.981824
BMT,4 Avenue,Pacific St,40.683666,-73.97881
BMT,4 Avenue,Pacific St,40.683666,-73.97881
BMT,4 Avenue,Prospect Av,40.665414,-73.992872
BMT,4 Avenue,Prospect Av,40.665414,-73.992872
BMT,4 Avenue,Prospect Av,40.665414,-73.992872
BMT,4 Avenue,Union St,40.677316,-73.98311
BMT,4 Avenue,Union St,40.677316,-73.98311
BMT,4 Avenue,Union St,40.677316,-73.98311
BMT,4 Avenue,Union St,40.677316,-73.98311
IRT,42nd St Shuttle,Grand Central,40.752769,-73.979189
IRT,42nd St Shuttle,Grand Central,40.752769,-73.979189
IRT,42nd St Shuttle,Grand Central,40.752769,-73.979189
IRT,42nd St Shuttle,Grand Central,40.752769,-73.979189
IRT,42nd St Shuttle,Grand Central,40.752769,-73.979189
IRT,42nd St Shuttle,Grand Central,40.752769,-73.979189
IRT,42nd St Shuttle,Grand Central,40.752769,-73.979189
IRT,42nd St Shuttle,Times Square,40.755983,-73.986229
IND,6 Avenue,14th St,40.738228,-73.996209
IND,6 Avenue,14th St,40.738228,-73.996209
IND,6 Avenue,14th St,40.738228,-73.996209
IND,6 Avenue,14th St,40.738228,-73.996209
IND,6 Avenue,14th St,40.738228,-73.996209
IND,6 Avenue,14th St,40.738228,-73.996209
IND,6 Avenue,14th St,40.738228,-73.996209
IND,6 Avenue,14th St,40.738228,-73.996209
IND,6 Avenue,14th St,40.738228,-73.996209
IND,6 Avenue,14th St,40.738228,-73.996209
IND,6 Avenue,23rd St,40.742878,-73.992821
IND,6 Avenue,23rd St,40.742878,-73.992821
IND,6 Avenue,23rd St,40.742878,-73.992821
IND,6 Avenue,23rd St,40.742878,-73.992821
IND,6 Avenue,23rd St,40.742878,-73.992821
IND,6 Avenue,23rd St,40.742878,-73.992821
IND,6 Avenue,23rd St,40.742878,-73.992821
IND,6 Avenue,23rd St,40.742878,-73.992821
IND,6 Avenue,2nd Av,40.723402,-73.989938
IND,6 Avenue,2nd Av,40.723402,-73.989938
IND,6 Avenue,2nd Av,40.723402,-73.989938
IND,6 Avenue,2nd Av,40.723402,-73.989938
IND,6 Avenue,34th St,40.749719,-73.987823
IND,6 Avenue,34th St,40.749719,-73.987823
IND,6 Avenue,34th St,40.749719,-73.987823
IND,6 Avenue,34th St,40.749719,-73.987823
IND,6 Avenue,34th St,40.749719,-73.987823
IND,6 Avenue,34th St,40.749719,-73.987823
IND,6 Avenue,34th St,40.749719,-73.987823
IND,6 Avenue,34th St,40.749719,-73.987823
IND,6 Avenue,34th St,40.749719,-73.987823
IND,6 Avenue,34th St,40.749719,-73.987823
IND,6 Avenue,42nd St,40.754222,-73.984569
IND,6 Avenue,42nd St,40.754222,-73.984569
IND,6 Avenue,42nd St,40.754222,-73.984569
IND,6 Avenue,42nd St,40.754222,-73.984569
IND,6 Avenue,42nd St,40.754222,-73.984569
IND,6 Avenue,42nd St,40.754222,-73.984569
IND,6 Avenue,42nd St,40.754222,-73.984569
IND,6 Avenue,42nd St,40.754222,-73.984569
IND,6 Avenue,42nd St,40.754222,-73.984569
IND,6 Avenue,47-50th Sts Rockefeller Center,40.758663,-73.981329
IND,6 Avenue,47-50th Sts Rockefeller Center,40.758663,-73.981329
IND,6 Avenue,47-50th Sts Rockefeller Center,40.758663,-73.981329
IND,6 Avenue,47-50th Sts Rockefeller Center,40.758663,-73.981329
IND,6 Avenue,47-50th Sts Rockefeller Center,40.758663,-73.981329
IND,6 Avenue,47-50th Sts Rockefeller Center,40.758663,-73.981329
IND,6 Avenue,47-50th Sts Rockefeller Center,40.758663,-73.981329
IND,6 Avenue,47-50th Sts Rockefeller Center,40.758663,-73.981329
IND,6 Avenue,47-50th Sts Rockefeller Center,40.758663,-73.981329
IND,6 Avenue,47-50th Sts Rockefeller Center,40.758663,-73.981329
IND,6 Avenue,47-50th Sts Rockefeller Center,40.758663,-73.981329
IND,6 Avenue,47-50th Sts Rockefeller Center,40.758663,-73.981329
IND,6 Avenue,47-50th Sts Rockefeller Center,40.758663,-73.981329
IND,6 Avenue,47-50th Sts Rockefeller Center,40.758663,-73.981329
IND,6 Avenue,47-50th Sts Rockefeller Center,40.758663,-73.981329
IND,6 Avenue,47-50th Sts Rockefeller Center,40.758663,-73.981329
IND,6 Avenue,47-50th Sts Rockefeller Center,40.758663,-73.981329
IND,6 Avenue,4th Av,40.670272,-73.989779
IND,6 Avenue,4th Av,40.670272,-73.989779
IND,6 Avenue,57th St,40.763972,-73.97745
IND,6 Avenue,57th St,40.763972,-73.97745
IND,6 Avenue,57th St,40.763972,-73.97745
IND,6 Avenue,57th St,40.763972,-73.97745
IND,6 Avenue,57th St,40.763972,-73.97745
IND,6 Avenue,57th St,40.763972,-73.97745
IND,6 Avenue,57th St,40.763972,-73.97745
IND,6 Avenue,57th St,40.763972,-73.97745
IND,6 Avenue,7th Av,40.666271,-73.980305
IND,6 Avenue,7th Av,40.666271,-73.980305
IND,6 Avenue,7th Av,40.666271,-73.980305
IND,6 Avenue,7th Av,40.666271,-73.980305
IND,6 Avenue,7th Av,40.666271,-73.980305
IND,6 Avenue,7th Av,40.666271,-73.980305
IND,6 Avenue,7th Av,40.666271,-73.980305
IND,6 Avenue,7th Av,40.666271,-73.980305
IND,6 Avenue,Bergen St,40.686145,-73.990862
IND,6 Avenue,Bergen St,40.686145,-73.990862
IND,6 Avenue,Bergen St,40.686145,-73.990862
IND,6 Avenue,Bergen St,40.686145,-73.990862
IND,6 Avenue,Bergen St,40.686145,-73.990862
IND,6 Avenue,Bergen St,40.686145,-73.990862
IND,6 Avenue,Broadway-Lafayette St,40.725297,-73.996204
IND,6 Avenue,Broadway-Lafayette St,40.725297,-73.996204
IND,6 Avenue,Broadway-Lafayette St,40.725297,-73.996204
IND,6 Avenue,Broadway-Lafayette St,40.725297,-73.996204
IND,6 Avenue,Broadway-Lafayette St,40.725297,-73.996204
IND,6 Avenue,Carroll St,40.680303,-73.995048
IND,6 Avenue,Carroll St,40.680303,-73.995048
IND,6 Avenue,Carroll St,40.680303,-73.995048
IND,6 Avenue,Carroll St,40.680303,-73.995048
IND,6 Avenue,Carroll St,40.680303,-73.995048
IND,6 Avenue,Church Av,40.644041,-73.979678
IND,6 Avenue,Church Av,40.644041,-73.979678
IND,6 Avenue,Church Av,40.644041,-73.979678
IND,6 Avenue,Church Av,40.644041,-73.979678
IND,6 Avenue,Church Av,40.644041,-73.979678
IND,6 Avenue,Church Av,40.644041,-73.979678
IND,6 Avenue,Delancey St,40.718611,-73.988114
IND,6 Avenue,Delancey St,40.718611,-73.988114
IND,6 Avenue,Delancey St,40.718611,-73.988114
IND,6 Avenue,Delancey St,40.718611,-73.988114
IND,6 Avenue,East Broadway,40.713715,-73.990173
IND,6 Avenue,East Broadway,40.713715,-73.990173
IND,6 Avenue,East Broadway,40.713715,-73.990173
IND,6 Avenue,East Broadway,40.713715,-73.990173
IND,6 Avenue,Fort Hamilton Parkway,40.650782,-73.975776
IND,6 Avenue,Fort Hamilton Parkway,40.650782,-73.975776
IND,6 Avenue,Fort Hamilton Parkway,40.650782,-73.975776
IND,6 Avenue,Fort Hamilton Parkway,40.650782,-73.975776
IND,6 Avenue,Grand St,40.718267,-73.993753
IND,6 Avenue,Grand St,40.718267,-73.993753
IND,6 Avenue,Grand St,40.718267,-73.993753
IND,6 Avenue,Prospect Park-15 St,40.660365,-73.979493
IND,6 Avenue,Prospect Park-15 St,40.660365,-73.979493
IND,6 Avenue,Prospect Park-15 St,40.660365,-73.979493
IND,6 Avenue,Prospect Park-15 St,40.660365,-73.979493
IND,6 Avenue,Prospect Park-15 St,40.660365,-73.979493
IND,6 Avenue,Prospect Park-15 St,40.660365,-73.979493
IND,6 Avenue,Smith-9th St,40.67358,-73.995959
IND,6 Avenue,York St,40.699743,-73.986885
IND,63rd Street,21st St,40.754203,-73.942836
IND,63rd Street,21st St,40.754203,-73.942836
IND,63rd Street,21st St,40.754203,-73.942836
IND,63rd Street,21st St,40.754203,-73.942836
IND,63rd Street,21st St,40.754203,-73.942836
IND,63rd Street,Lexington Av,40.764627,-73.96611
IND,63rd Street,Lexington Av,40.764627,-73.96611
IND,63rd Street,Lexington Av,40.764627,-73.96611
IND,63rd Street,Lexington Av,40.764627,-73.96611
IND,63rd Street,Lexington Av,40.764627,-73.96611
IND,63rd Street,Roosevelt Island,40.759145,-73.95326
IND,8 Avenue,103rd St,40.796092,-73.961454
IND,8 Avenue,116th St,40.805085,-73.954882
IND,8 Avenue,116th St,40.805085,-73.954882
IND,8 Avenue,116th St,40.805085,-73.954882
IND,8 Avenue,116th St,40.805085,-73.954882
IND,8 Avenue,125th St,40.811109,-73.952343
IND,8 Avenue,125th St,40.811109,-73.952343
IND,8 Avenue,125th St,40.811109,-73.952343
IND,8 Avenue,125th St,40.811109,-73.952343
IND,8 Avenue,125th St,40.811109,-73.952343
IND,8 Avenue,125th St,40.811109,-73.952343
IND,8 Avenue,135th St,40.817894,-73.947649
IND,8 Avenue,135th St,40.817894,-73.947649
IND,8 Avenue,135th St,40.817894,-73.947649
IND,8 Avenue,135th St,40.817894,-73.947649
IND,8 Avenue,135th St,40.817894,-73.947649
IND,8 Avenue,135th St,40.817894,-73.947649
IND,8 Avenue,145th St,40.824783,-73.944216
IND,8 Avenue,145th St,40.824783,-73.944216
IND,8 Avenue,145th St,40.824783,-73.944216
IND,8 Avenue,145th St,40.824783,-73.944216
IND,8 Avenue,145th St,40.824783,-73.944216
IND,8 Avenue,145th St,40.824783,-73.944216
IND,8 Avenue,14th St,40.740893,-74.00169
IND,8 Avenue,14th St,40.740893,-74.00169
IND,8 Avenue,14th St,40.740893,-74.00169
IND,8 Avenue,14th St,40.740893,-74.00169
IND,8 Avenue,14th St,40.740893,-74.00169
IND,8 Avenue,14th St,40.740893,-74.00169
IND,8 Avenue,14th St,40.740893,-74.00169
IND,8 Avenue,14th St,40.740893,-74.00169
IND,8 Avenue,155th St,40.830518,-73.941514
IND,8 Avenue,155th St,40.830518,-73.941514
IND,8 Avenue,155th St,40.830518,-73.941514
IND,8 Avenue,155th St,40.830518,-73.941514
IND,8 Avenue,155th St,40.830518,-73.941514
IND,8 Avenue,155th St,40.830518,-73.941514
IND,8 Avenue,163rd St - Amsterdam Av,40.836013,-73.939892
IND,8 Avenue,163rd St - Amsterdam Av,40.836013,-73.939892
IND,8 Avenue,163rd St - Amsterdam Av,40.836013,-73.939892
IND,8 Avenue,168th St - Washington Heights,40.840719,-73.939561
IND,8 Avenue,168th St - Washington Heights,40.840719,-73.939561
IND,8 Avenue,168th St - Washington Heights,40.840719,-73.939561
IND,8 Avenue,168th St - Washington Heights,40.840719,-73.939561
IND,8 Avenue,175th St,40.847391,-73.939704
IND,8 Avenue,175th St,40.847391,-73.939704
IND,8 Avenue,175th St,40.847391,-73.939704
IND,8 Avenue,175th St,40.847391,-73.939704
IND,8 Avenue,175th St,40.847391,-73.939704
IND,8 Avenue,175th St,40.847391,-73.939704
IND,8 Avenue,175th St,40.847391,-73.939704
IND,8 Avenue,181st St,40.851695,-73.937969
IND,8 Avenue,181st St,40.851695,-73.937969
IND,8 Avenue,181st St,40.851695,-73.937969
IND,8 Avenue,181st St,40.851695,-73.937969
IND,8 Avenue,181st St,40.851695,-73.937969
IND,8 Avenue,190th St,40.859022,-73.93418
IND,8 Avenue,190th St,40.859022,-73.93418
IND,8 Avenue,23rd St,40.745906,-73.998041
IND,8 Avenue,23rd St,40.745906,-73.998041
IND,8 Avenue,23rd St,40.745906,-73.998041
IND,8 Avenue,23rd St,40.745906,-73.998041
IND,8 Avenue,23rd St,40.745906,-73.998041
IND,8 Avenue,23rd St,40.745906,-73.998041
IND,8 Avenue,23rd St,40.745906,-73.998041
IND,8 Avenue,23rd St,40.745906,-73.998041
IND,8 Avenue,23rd St,40.745906,-73.998041
IND,8 Avenue,23rd St,40.745906,-73.998041
IND,8 Avenue,23rd St,40.745906,-73.998041
IND,8 Avenue,34th St,40.752287,-73.993391
IND,8 Avenue,34th St,40.752287,-73.993391
IND,8 Avenue,34th St,40.752287,-73.993391
IND,8 Avenue,34th St,40.752287,-73.993391
IND,8 Avenue,34th St,40.752287,-73.993391
IND,8 Avenue,34th St,40.752287,-73.993391
IND,8 Avenue,34th St,40.752287,-73.993391
IND,8 Avenue,34th St,40.752287,-73.993391
IND,8 Avenue,34th St,40.752287,-73.993391
IND,8 Avenue,34th St,40.752287,-73.993391
IND,8 Avenue,34th St,40.752287,-73.993391
IND,8 Avenue,34th St,40.752287,-73.993391
IND,8 Avenue,34th St,40.752287,-73.993391
IND,8 Avenue,34th St,40.752287,-73.993391
IND,8 Avenue,34th St,40.752287,-73.993391
IND,8 Avenue,34th St,40.752287,-73.993391
IND,8 Avenue,42nd St,40.757308,-73.989735
IND,8 Avenue,42nd St,40.757308,-73.989735
IND,8 Avenue,42nd St,40.757308,-73.989735
IND,8 Avenue,42nd St,40.757308,-73.989735
IND,8 Avenue,42nd St,40.757308,-73.989735
IND,8 Avenue,42nd St,40.757308,-73.989735
IND,8 Avenue,42nd St,40.757308,-73.989735
IND,8 Avenue,42nd St,40.757308,-73.989735
IND,8 Avenue,42nd St,40.757308,-73.989735
IND,8 Avenue,50th St,40.762456,-73.985984
IND,8 Avenue,50th St,40.762456,-73.985984
IND,8 Avenue,50th St,40.762456,-73.985984
IND,8 Avenue,50th St,40.762456,-73.985984
IND,8 Avenue,50th St,40.762456,-73.985984
IND,8 Avenue,50th St,40.762456,-73.985984
IND,8 Avenue,50th St,40.762456,-73.985984
IND,8 Avenue,50th St,40.762456,-73.985984
IND,8 Avenue,50th St,40.762456,-73.985984
IND,8 Avenue,50th St,40.762456,-73.985984
IND,8 Avenue,59th St,40.768296,-73.981736
IND,8 Avenue,59th St,40.768296,-73.981736
IND,8 Avenue,59th St,40.768296,-73.981736
IND,8 Avenue,59th St,40.768296,-73.981736
IND,8 Avenue,59th St,40.768296,-73.981736
IND,8 Avenue,59th St,40.768296,-73.981736
IND,8 Avenue,59th St,40.768296,-73.981736
IND,8 Avenue,59th St,40.768296,-73.981736
IND,8 Avenue,59th St,40.768296,-73.981736
IND,8 Avenue,59th St,40.768296,-73.981736
IND,8 Avenue,59th St,40.768296,-73.981736
IND,8 Avenue,59th St,40.768296,-73.981736
IND,8 Avenue,72nd St,40.775594,-73.97641
IND,8 Avenue,72nd St,40.775594,-73.97641
IND,8 Avenue,72nd St,40.775594,-73.97641
IND,8 Avenue,81st St - Museum of Natural History,40.781433,-73.972143
IND,8 Avenue,81st St - Museum of Natural History,40.781433,-73.972143
IND,8 Avenue,81st St - Museum of Natural History,40.781433,-73.972143
IND,8 Avenue,81st St - Museum of Natural History,40.781433,-73.972143
IND,8 Avenue,86th St,40.785868,-73.968916
IND,8 Avenue,86th St,40.785868,-73.968916
IND,8 Avenue,86th St,40.785868,-73.968916
IND,8 Avenue,86th St,40.785868,-73.968916
IND,8 Avenue,86th St,40.785868,-73.968916
IND,8 Avenue,96th St,40.791646,-73.964699
IND,8 Avenue,96th St,40.791646,-73.964699
IND,8 Avenue,96th St,40.791646,-73.964699
IND,8 Avenue,Broadway-Nassau,40.710197,-74.007691
IND,8 Avenue,Broadway-Nassau,40.710197,-74.007691
IND,8 Avenue,Canal St,40.720824,-74.005229
IND,8 Avenue,Canal St,40.720824,-74.005229
IND,8 Avenue,Canal St,40.720824,-74.005229
IND,8 Avenue,Canal St,40.720824,-74.005229
IND,8 Avenue,Canal St,40.720824,-74.005229
IND,8 Avenue,Cathedral Parkway-110th St,40.800605,-73.958158
IND,8 Avenue,Cathedral Parkway-110th St,40.800605,-73.958158
IND,8 Avenue,Cathedral Parkway-110th St,40.800605,-73.958158
IND,8 Avenue,Chambers St,40.714111,-74.008585
IND,8 Avenue,Chambers St,40.714111,-74.008585
IND,8 Avenue,Chambers St,40.714111,-74.008585
IND,8 Avenue,Chambers St,40.714111,-74.008585
IND,8 Avenue,Chambers St,40.714111,-74.008585
IND,8 Avenue,Chambers St,40.714111,-74.008585
IND,8 Avenue,Chambers St,40.714111,-74.008585
IND,8 Avenue,Chambers St,40.714111,-74.008585
IND,8 Avenue,Chambers St,40.714111,-74.008585
IND,8 Avenue,Dyckman St-200th St,40.865491,-73.927271
IND,8 Avenue,Dyckman St-200th St,40.865491,-73.927271
IND,8 Avenue,Dyckman St-200th St,40.865491,-73.927271
IND,8 Avenue,Dyckman St-200th St,40.865491,-73.927271
IND,8 Avenue,Dyckman St-200th St,40.865491,-73.927271
IND,8 Avenue,Dyckman St-200th St,40.865491,-73.927271
IND,8 Avenue,Dyckman St-200th St,40.865491,-73.927271
IND,8 Avenue,High St,40.699337,-73.990531
IND,8 Avenue,High St,40.699337,-73.990531
IND,8 Avenue,High St,40.699337,-73.990531
IND,8 Avenue,Inwood - 207th St,40.868072,-73.919899
IND,8 Avenue,Inwood - 207th St,40.868072,-73.919899
IND,8 Avenue,Inwood - 207th St,40.868072,-73.919899
IND,8 Avenue,Inwood - 207th St,40.868072,-73.919899
IND,8 Avenue,Inwood - 207th St,40.868072,-73.919899
IND,8 Avenue,Inwood - 207th St,40.868072,-73.919899
IND,8 Avenue,Spring St,40.726227,-74.003739
IND,8 Avenue,Spring St,40.726227,-74.003739
IND,8 Avenue,Spring St,40.726227,-74.003739
IND,8 Avenue,West 4th St,40.732338,-74.000495
IND,8 Avenue,West 4th St,40.732338,-74.000495
IND,8 Avenue,West 4th St,40.732338,-74.000495
IND,8 Avenue,West 4th St,40.732338,-74.000495
IND,8 Avenue,West 4th St,40.732338,-74.000495
IND,8 Avenue,West 4th St,40.732338,-74.000495
IND,8 Avenue,World Trade Center,40.712582,-74.009781
IND,8 Avenue,World Trade Center,40.712582,-74.009781
IND,8 Avenue,World Trade Center,40.712582,-74.009781
IND,8 Avenue,World Trade Center,40.712582,-74.009781
IND,8 Avenue,World Trade Center,40.712582,-74.009781
IND,8 Avenue,World Trade Center,40.712582,-74.009781
IND,8 Avenue,World Trade Center,40.712582,-74.009781
IND,8 Avenue,World Trade Center,40.712582,-74.009781
IND,Archer Av,Jamaica-Van Wyck,40.702566,-73.816859
IND,Archer Av,Jamaica-Van Wyck,40.702566,-73.816859
IND,Archer Av,Jamaica-Van Wyck,40.702566,-73.816859
IND,Archer Av,Parsons Blvd-Archer Av - Jamaica Center,40.702147,-73.801109
IND,Archer Av,Parsons Blvd-Archer Av - Jamaica Center,40.702147,-73.801109
IND,Archer Av,Parsons Blvd-Archer Av - Jamaica Center,40.702147,-73.801109
IND,Archer Av,Parsons Blvd-Archer Av - Jamaica Center,40.702147,-73.801109
IND,Archer Av,Parsons Blvd-Archer Av - Jamaica Center,40.702147,-73.801109
IND,Archer Av,Parsons Blvd-Archer Av - Jamaica Center,40.702147,-73.801109
IND,Archer Av,Parsons Blvd-Archer Av - Jamaica Center,40.702147,-73.801109
IND,Archer Av,Parsons Blvd-Archer Av - Jamaica Center,40.702147,-73.801109
IND,Archer Av,Parsons Blvd-Archer Av - Jamaica Center,40.702147,-73.801109
IND,Archer Av,Parsons Blvd-Archer Av - Jamaica Center,40.702147,-73.801109
IND,Archer Av,Sutphin Blvd-Archer Av - JFK,40.700486,-73.807969
IND,Archer Av,Sutphin Blvd-Archer Av - JFK,40.700486,-73.807969
IND,Archer Av,Sutphin Blvd-Archer Av - JFK,40.700486,-73.807969
IND,Archer Av,Sutphin Blvd-Archer Av - JFK,40.700486,-73.807969
BMT,Astoria,30 Av-Grand Av,40.766779,-73.921479
BMT,Astoria,30 Av-Grand Av,40.766779,-73.921479
BMT,Astoria,30 Av-Grand Av,40.766779,-73.921479
BMT,Astoria,30 Av-Grand Av,40.766779,-73.921479
BMT,Astoria,36 Av-Washington Av,40.756804,-73.929575
BMT,Astoria,36 Av-Washington Av,40.756804,-73.929575
BMT,Astoria,36 Av-Washington Av,40.756804,-73.929575
BMT,Astoria,39 Av-Beebe Av,40.752882,-73.932755
BMT,Astoria,39 Av-Beebe Av,40.752882,-73.932755
BMT,Astoria,Astoria Blvd-Hoyt Av,40.770258,-73.917843
BMT,Astoria,Astoria Blvd-Hoyt Av,40.770258,-73.917843
BMT,Astoria,Astoria Blvd-Hoyt Av,40.770258,-73.917843
BMT,Astoria,Astoria Blvd-Hoyt Av,40.770258,-73.917843
BMT,Astoria,Broadway,40.76182,-73.925508
BMT,Astoria,Broadway,40.76182,-73.925508
BMT,Astoria,Broadway,40.76182,-73.925508
BMT,Astoria,Ditmars Blvd,40.775036,-73.912034
BMT,Astoria,Ditmars Blvd,40.775036,-73.912034
BMT,Astoria,Ditmars Blvd,40.775036,-73.912034
BMT,Astoria,Ditmars Blvd,40.775036,-73.912034
BMT,Brighton,7th Av,40.67705,-73.972367
BMT,Brighton,7th Av,40.67705,-73.972367
BMT,Brighton,Atlantic Av,40.68446,-73.97689
BMT,Brighton,Av H,40.62927,-73.961639
BMT,Brighton,Av H,40.62927,-73.961639
BMT,Brighton,Av J,40.625039,-73.960803
BMT,Brighton,Av J,40.625039,-73.960803
BMT,Brighton,Av J,40.625039,-73.960803
BMT,Brighton,Av M,40.617618,-73.959399
BMT,Brighton,Av M,40.617618,-73.959399
BMT,Brighton,Av U,40.5993,-73.955929
BMT,Brighton,Beverly Rd,40.644031,-73.964492
BMT,Brighton,Brighton Beach,40.577621,-73.961376
BMT,Brighton,Brighton Beach,40.577621,-73.961376
BMT,Brighton,Brighton Beach,40.577621,-73.961376
BMT,Brighton,Brighton Beach,40.577621,-73.961376
BMT,Brighton,Brighton Beach,40.577621,-73.961376
BMT,Brighton,Brighton Beach,40.577621,-73.961376
BMT,Brighton,Brighton Beach,40.577621,-73.961376
BMT,Brighton,Brighton Beach,40.577621,-73.961376
BMT,Brighton,Church Av,40.650527,-73.962982
BMT,Brighton,Church Av,40.650527,-73.962982
BMT,Brighton,Cortelyou Rd,40.640927,-73.963891
BMT,Brighton,Kings Highway,40.60867,-73.957734
BMT,Brighton,Kings Highway,40.60867,-73.957734
BMT,Brighton,Kings Highway,40.60867,-73.957734
BMT,Brighton,Neck Rd,40.595246,-73.955161
BMT,Brighton,Newkirk Av,40.635082,-73.962793
BMT,Brighton,Ocean Parkway,40.576312,-73.968501
BMT,Brighton,Ocean Parkway,40.576312,-73.968501
BMT,Brighton,Ocean Parkway,40.576312,-73.968501
BMT,Brighton,Ocean Parkway,40.576312,-73.968501
BMT,Brighton,Ocean Parkway,40.576312,-73.968501
BMT,Brighton,Ocean Parkway,40.576312,-73.968501
BMT,Brighton,Parkside Av,40.655292,-73.961495
BMT,Brighton,Parkside Av,40.655292,-73.961495
BMT,Brighton,Prospect Park,40.661614,-73.962246
BMT,Brighton,Prospect Park,40.661614,-73.962246
BMT,Brighton,Prospect Park,40.661614,-73.962246
BMT,Brighton,Sheepshead Bay,40.586896,-73.954155
BMT,Brighton,Sheepshead Bay,40.586896,-73.954155
BMT,Brighton,Stillwell Av,40.577422,-73.981233
BMT,Brighton,West 8th St,40.576127,-73.975939
BMT,Brighton,West 8th St,40.576127,-73.975939
BMT,Broadway,23rd St,40.741303,-73.989344
BMT,Broadway,23rd St,40.741303,-73.989344
BMT,Broadway,23rd St,40.741303,-73.989344
BMT,Broadway,23rd St,40.741303,-73.989344
BMT,Broadway,23rd St,40.741303,-73.989344
BMT,Broadway,23rd St,40.741303,-73.989344
BMT,Broadway,23rd St,40.741303,-73.989344
BMT,Broadway,23rd St,40.741303,-73.989344
BMT,Broadway,28th St,40.745494,-73.988691
BMT,Broadway,28th St,40.745494,-73.988691
BMT,Broadway,28th St,40.745494,-73.988691
BMT,Broadway,28th St,40.745494,-73.988691
BMT,Broadway,34th St,40.749567,-73.98795
BMT,Broadway,34th St,40.749567,-73.98795
BMT,Broadway,34th St,40.749567,-73.98795
BMT,Broadway,34th St,40.749567,-73.98795
BMT,Broadway,49th St,40.759901,-73.984139
BMT,Broadway,49th St,40.759901,-73.984139
BMT,Broadway,49th St,40.759901,-73.984139
BMT,Broadway,49th St,40.759901,-73.984139
BMT,Broadway,49th St,40.759901,-73.984139
BMT,Broadway,49th St,40.759901,-73.984139
BMT,Broadway,49th St,40.759901,-73.984139
BMT,Broadway,57th St,40.764664,-73.980658
BMT,Broadway,57th St,40.764664,-73.980658
BMT,Broadway,57th St,40.764664,-73.980658
BMT,Broadway,57th St,40.764664,-73.980658
BMT,Broadway,57th St,40.764664,-73.980658
BMT,Broadway,57th St,40.764664,-73.980658
BMT,Broadway,57th St,40.764664,-73.980658
BMT,Broadway,57th St,40.764664,-73.980658
BMT,Broadway,5th Av,40.764811,-73.973347
BMT,Broadway,5th Av,40.764811,-73.973347
BMT,Broadway,5th Av,40.764811,-73.973347
BMT,Broadway,5th Av,40.764811,-73.973347
BMT,Broadway,5th Av,40.764811,-73.973347
BMT,Broadway,5th Av,40.764811,-73.973347
BMT,Broadway,5th Av,40.764811,-73.973347
BMT,Broadway,8th St,40.730328,-73.992629
BMT,Broadway,8th St,40.730328,-73.992629
BMT,Broadway,8th St,40.730328,-73.992629
BMT,Broadway,8th St,40.730328,-73.992629
BMT,Broadway,8th St,40.730328,-73.992629
BMT,Broadway,8th St,40.730328,-73.992629
BMT,Broadway,8th St,40.730328,-73.992629
BMT,Broadway,8th St,40.730328,-73.992629
BMT,Broadway,Canal St (UL),40.719527,-74.001775
BMT,Broadway,Canal St (UL),40.719527,-74.001775
BMT,Broadway,Canal St (UL),40.719527,-74.001775
BMT,Broadway,Canal St (UL),40.719527,-74.001775
BMT,Broadway,Canal St (UL),40.719527,-74.001775
BMT,Broadway,Canal St (UL),40.719527,-74.001775
BMT,Broadway,Canal St (UL),40.719527,-74.001775
BMT,Broadway,City Hall,40.713282,-74.006978
BMT,Broadway,City Hall,40.713282,-74.006978
BMT,Broadway,City Hall,40.713282,-74.006978
BMT,Broadway,Cortlandt St,40.710668,-74.011029
BMT,Broadway,Cortlandt St,40.710668,-74.011029
BMT,Broadway,Cortlandt St,40.710668,-74.011029
BMT,Broadway,Cortlandt St,40.710668,-74.011029
BMT,Broadway,Court St,40.6941,-73.991777
BMT,Broadway,Court St,40.6941,-73.991777
BMT,Broadway,Court St,40.6941,-73.991777
BMT,Broadway,Lawrence St,40.69218,-73.985942
BMT,Broadway,Lawrence St,40.69218,-73.985942
BMT,Broadway,Lawrence St,40.69218,-73.985942
BMT,Broadway,Lawrence St,40.69218,-73.985942
BMT,Broadway,Lawrence St,40.69218,-73.985942
BMT,Broadway,Lawrence St,40.69218,-73.985942
BMT,Broadway,Lawrence St,40.69218,-73.985942
BMT,Broadway,Lexington Av,40.76266,-73.967258
BMT,Broadway,Lexington Av,40.76266,-73.967258
BMT,Broadway,Lexington Av,40.76266,-73.967258
BMT,Broadway,Lexington Av,40.76266,-73.967258
BMT,Broadway,Prince St,40.724329,-73.997702
BMT,Broadway,Prince St,40.724329,-73.997702
BMT,Broadway,Prince St,40.724329,-73.997702
BMT,Broadway,Prince St,40.724329,-73.997702
BMT,Broadway,Rector St,40.70722,-74.013342
BMT,Broadway,Rector St,40.70722,-74.013342
BMT,Broadway,Rector St,40.70722,-74.013342
BMT,Broadway,Rector St,40.70722,-74.013342
BMT,Broadway,Rector St,40.70722,-74.013342
BMT,Broadway,Rector St,40.70722,-74.013342
BMT,Broadway,Rector St,40.70722,-74.013342
BMT,Broadway,Rector St,40.70722,-74.013342
BMT,Broadway,Rector St,40.70722,-74.013342
BMT,Broadway,Times Square-42nd St,40.754672,-73.986754
BMT,Broadway,Times Square-42nd St,40.754672,-73.986754
BMT,Broadway,Times Square-42nd St,40.754672,-73.986754
BMT,Broadway,Times Square-42nd St,40.754672,-73.986754
BMT,Broadway,Union Square,40.735736,-73.990568
BMT,Broadway,Union Square,40.735736,-73.990568
BMT,Broadway,Union Square,40.735736,-73.990568
BMT,Broadway,Union Square,40.735736,-73.990568
BMT,Broadway,Whitehall St,40.703087,-74.012994
BMT,Broadway,Whitehall St,40.703087,-74.012994
BMT,Broadway,Whitehall St,40.703087,-74.012994
BMT,Broadway,Whitehall St,40.703087,-74.012994
BMT,Broadway,Whitehall St,40.703087,-74.012994
BMT,Broadway,Whitehall St,40.703087,-74.012994
BMT,Broadway Jamaica,104th St-102nd St,40.695178,-73.84433
BMT,Broadway Jamaica,104th St-102nd St,40.695178,-73.84433
BMT,Broadway Jamaica,111th St,40.697418,-73.836345
BMT,Broadway Jamaica,111th St,40.697418,-73.836345
BMT,Broadway Jamaica,121st St,40.700492,-73.828294
BMT,Broadway Jamaica,121st St,40.700492,-73.828294
BMT,Broadway Jamaica,121st St,40.700492,-73.828294
BMT,Broadway Jamaica,121st St,40.700492,-73.828294
BMT,Broadway Jamaica,Alabama Av,40.676992,-73.898654
BMT,Broadway Jamaica,Alabama Av,40.676992,-73.898654
BMT,Broadway Jamaica,Chauncey St,40.682893,-73.910456
BMT,Broadway Jamaica,Chauncey St,40.682893,-73.910456
BMT,Broadway Jamaica,Cleveland St,40.679947,-73.884639
BMT,Broadway Jamaica,Cleveland St,40.679947,-73.884639
BMT,Broadway Jamaica,Crescent St,40.683194,-73.873785
BMT,Broadway Jamaica,Crescent St,40.683194,-73.873785
BMT,Broadway Jamaica,Cypress Hills,40.689941,-73.87255
BMT,Broadway Jamaica,Cypress Hills,40.689941,-73.87255
BMT,Broadway Jamaica,Cypress Hills,40.689941,-73.87255
BMT,Broadway Jamaica,Elderts Lane-75th St,40.691324,-73.867139
BMT,Broadway Jamaica,Elderts Lane-75th St,40.691324,-73.867139
BMT,Broadway Jamaica,Flushing Av,40.70026,-73.941126
BMT,Broadway Jamaica,Flushing Av,40.70026,-73.941126
BMT,Broadway Jamaica,Flushing Av,40.70026,-73.941126
BMT,Broadway Jamaica,Flushing Av,40.70026,-73.941126
BMT,Broadway Jamaica,Forest Parkway-85th St,40.692435,-73.86001
BMT,Broadway Jamaica,Forest Parkway-85th St,40.692435,-73.86001
BMT,Broadway Jamaica,Gates Av,40.68963,-73.92227
BMT,Broadway Jamaica,Gates Av,40.68963,-73.92227
BMT,Broadway Jamaica,Halsey St,40.68637,-73.916559
BMT,Broadway Jamaica,Halsey St,40.68637,-73.916559
BMT,Broadway Jamaica,Hewes St,40.70687,-73.953431
BMT,Broadway Jamaica,Hewes St,40.70687,-73.953431
BMT,Broadway Jamaica,Kosciusko St,40.693342,-73.928814
BMT,Broadway Jamaica,Kosciusko St,40.693342,-73.928814
BMT,Broadway Jamaica,Lorimer St,40.703869,-73.947408
BMT,Broadway Jamaica,Lorimer St,40.703869,-73.947408
BMT,Broadway Jamaica,Lorimer St,40.703869,-73.947408
BMT,Broadway Jamaica,Lorimer St,40.703869,-73.947408
BMT,Broadway Jamaica,Marcy Av,40.708359,-73.957757
BMT,Broadway Jamaica,Marcy Av,40.708359,-73.957757
BMT,Broadway Jamaica,Marcy Av,40.708359,-73.957757
BMT,Broadway Jamaica,Marcy Av,40.708359,-73.957757
BMT,Broadway Jamaica,Marcy Av,40.708359,-73.957757
BMT,Broadway Jamaica,Marcy Av,40.708359,-73.957757
BMT,Broadway Jamaica,Marcy Av,40.708359,-73.957757
BMT,Broadway Jamaica,Marcy Av,40.708359,-73.957757
BMT,Broadway Jamaica,Myrtle Av,40.697207,-73.935657
BMT,Broadway Jamaica,Myrtle Av,40.697207,-73.935657
BMT,Broadway Jamaica,Norwood Av,40.68141,-73.880039
BMT,Broadway Jamaica,Norwood Av,40.68141,-73.880039
BMT,Broadway Jamaica,Van Siclen Av,40.678024,-73.891688
BMT,Broadway Jamaica,Van Siclen Av,40.678024,-73.891688
BMT,Broadway Jamaica,Woodhaven Blvd,40.693879,-73.851576
BMT,Broadway Jamaica,Woodhaven Blvd,40.693879,-73.851576
BMT,Broadway Jamaica,Woodhaven Blvd,40.693879,-73.851576
IRT,Broadway-7th Ave,103rd St,40.799446,-73.968379
IRT,Broadway-7th Ave,103rd St,40.799446,-73.968379
IRT,Broadway-7th Ave,103rd St,40.799446,-73.968379
IRT,Broadway-7th Ave,103rd St,40.799446,-73.968379
IRT,Broadway-7th Ave,103rd St,40.799446,-73.968379
IRT,Broadway-7th Ave,116th St-Columbia University,40.807722,-73.96411
IRT,Broadway-7th Ave,116th St-Columbia University,40.807722,-73.96411
IRT,Broadway-7th Ave,116th St-Columbia University,40.807722,-73.96411
IRT,Broadway-7th Ave,116th St-Columbia University,40.807722,-73.96411
IRT,Broadway-7th Ave,116th St-Columbia University,40.807722,-73.96411
IRT,Broadway-7th Ave,125th St,40.815581,-73.958372
IRT,Broadway-7th Ave,125th St,40.815581,-73.958372
IRT,Broadway-7th Ave,125th St,40.815581,-73.958372
IRT,Broadway-7th Ave,125th St,40.815581,-73.958372
IRT,Broadway-7th Ave,137th St-City College,40.822008,-73.953676
IRT,Broadway-7th Ave,137th St-City College,40.822008,-73.953676
IRT,Broadway-7th Ave,137th St-City College,40.822008,-73.953676
IRT,Broadway-7th Ave,137th St-City College,40.822008,-73.953676
IRT,Broadway-7th Ave,145th St,40.826551,-73.95036
IRT,Broadway-7th Ave,145th St,40.826551,-73.95036
IRT,Broadway-7th Ave,145th St,40.826551,-73.95036
IRT,Broadway-7th Ave,14th St,40.737826,-74.000201
IRT,Broadway-7th Ave,14th St,40.737826,-74.000201
IRT,Broadway-7th Ave,14th St,40.737826,-74.000201
IRT,Broadway-7th Ave,14th St,40.737826,-74.000201
IRT,Broadway-7th Ave,14th St,40.737826,-74.000201
IRT,Broadway-7th Ave,14th St,40.737826,-74.000201
IRT,Broadway-7th Ave,14th St,40.737826,-74.000201
IRT,Broadway-7th Ave,14th St,40.737826,-74.000201
IRT,Broadway-7th Ave,157th St,40.834041,-73.94489
IRT,Broadway-7th Ave,157th St,40.834041,-73.94489
IRT,Broadway-7th Ave,157th St,40.834041,-73.94489
IRT,Broadway-7th Ave,157th St,40.834041,-73.94489
IRT,Broadway-7th Ave,168th St,40.840556,-73.940133
IRT,Broadway-7th Ave,168th St,40.840556,-73.940133
IRT,Broadway-7th Ave,168th St,40.840556,-73.940133
IRT,Broadway-7th Ave,181st St,40.849505,-73.933596
IRT,Broadway-7th Ave,181st St,40.849505,-73.933596
IRT,Broadway-7th Ave,18th St,40.74104,-73.997871
IRT,Broadway-7th Ave,18th St,40.74104,-73.997871
IRT,Broadway-7th Ave,18th St,40.74104,-73.997871
IRT,Broadway-7th Ave,18th St,40.74104,-73.997871
IRT,Broadway-7th Ave,18th St,40.74104,-73.997871
IRT,Broadway-7th Ave,18th St,40.74104,-73.997871
IRT,Broadway-7th Ave,191st St,40.855225,-73.929412
IRT,Broadway-7th Ave,191st St,40.855225,-73.929412
IRT,Broadway-7th Ave,207th St,40.864614,-73.918819
IRT,Broadway-7th Ave,207th St,40.864614,-73.918819
IRT,Broadway-7th Ave,207th St,40.864614,-73.918819
IRT,Broadway-7th Ave,207th St,40.864614,-73.918819
IRT,Broadway-7th Ave,215th St,40.869444,-73.915279
IRT,Broadway-7th Ave,215th St,40.869444,-73.915279
IRT,Broadway-7th Ave,215th St,40.869444,-73.915279
IRT,Broadway-7th Ave,215th St,40.869444,-73.915279
IRT,Broadway-7th Ave,231st St,40.878856,-73.904834
IRT,Broadway-7th Ave,231st St,40.878856,-73.904834
IRT,Broadway-7th Ave,231st St,40.878856,-73.904834
IRT,Broadway-7th Ave,231st St,40.878856,-73.904834
IRT,Broadway-7th Ave,238th St,40.884667,-73.90087
IRT,Broadway-7th Ave,238th St,40.884667,-73.90087
IRT,Broadway-7th Ave,238th St,40.884667,-73.90087
IRT,Broadway-7th Ave,23rd St,40.744081,-73.995657
IRT,Broadway-7th Ave,23rd St,40.744081,-73.995657
IRT,Broadway-7th Ave,23rd St,40.744081,-73.995657
IRT,Broadway-7th Ave,23rd St,40.744081,-73.995657
IRT,Broadway-7th Ave,28th St,40.747215,-73.993365
IRT,Broadway-7th Ave,28th St,40.747215,-73.993365
IRT,Broadway-7th Ave,28th St,40.747215,-73.993365
IRT,Broadway-7th Ave,28th St,40.747215,-73.993365
IRT,Broadway-7th Ave,28th St,40.747215,-73.993365
IRT,Broadway-7th Ave,28th St,40.747215,-73.993365
IRT,Broadway-7th Ave,34th St,40.750373,-73.991057
IRT,Broadway-7th Ave,34th St,40.750373,-73.991057
IRT,Broadway-7th Ave,34th St,40.750373,-73.991057
IRT,Broadway-7th Ave,34th St,40.750373,-73.991057
IRT,Broadway-7th Ave,34th St,40.750373,-73.991057
IRT,Broadway-7th Ave,34th St,40.750373,-73.991057
IRT,Broadway-7th Ave,34th St,40.750373,-73.991057
IRT,Broadway-7th Ave,34th St,40.750373,-73.991057
IRT,Broadway-7th Ave,34th St,40.750373,-73.991057
IRT,Broadway-7th Ave,34th St,40.750373,-73.991057
IRT,Broadway-7th Ave,34th St,40.750373,-73.991057
IRT,Broadway-7th Ave,50th St,40.761728,-73.983849
IRT,Broadway-7th Ave,50th St,40.761728,-73.983849
IRT,Broadway-7th Ave,50th St,40.761728,-73.983849
IRT,Broadway-7th Ave,50th St,40.761728,-73.983849
IRT,Broadway-7th Ave,50th St,40.761728,-73.983849
IRT,Broadway-7th Ave,50th St,40.761728,-73.983849
IRT,Broadway-7th Ave,59th St-Columbus Circle,40.768247,-73.981929
IRT,Broadway-7th Ave,59th St-Columbus Circle,40.768247,-73.981929
IRT,Broadway-7th Ave,59th St-Columbus Circle,40.768247,-73.981929
IRT,Broadway-7th Ave,59th St-Columbus Circle,40.768247,-73.981929
IRT,Broadway-7th Ave,59th St-Columbus Circle,40.768247,-73.981929
IRT,Broadway-7th Ave,66th St-Lincoln Center,40.77344,-73.982209
IRT,Broadway-7th Ave,66th St-Lincoln Center,40.77344,-73.982209
IRT,Broadway-7th Ave,66th St-Lincoln Center,40.77344,-73.982209
IRT,Broadway-7th Ave,66th St-Lincoln Center,40.77344,-73.982209
IRT,Broadway-7th Ave,66th St-Lincoln Center,40.77344,-73.982209
IRT,Broadway-7th Ave,66th St-Lincoln Center,40.77344,-73.982209
IRT,Broadway-7th Ave,72nd St,40.778453,-73.98197
IRT,Broadway-7th Ave,72nd St,40.778453,-73.98197
IRT,Broadway-7th Ave,72nd St,40.778453,-73.98197
IRT,Broadway-7th Ave,72nd St,40.778453,-73.98197
IRT,Broadway-7th Ave,79th St,40.783934,-73.979917
IRT,Broadway-7th Ave,79th St,40.783934,-73.979917
IRT,Broadway-7th Ave,79th St,40.783934,-73.979917
IRT,Broadway-7th Ave,79th St,40.783934,-73.979917
IRT,Broadway-7th Ave,86th St,40.788644,-73.976218
IRT,Broadway-7th Ave,86th St,40.788644,-73.976218
IRT,Broadway-7th Ave,86th St,40.788644,-73.976218
IRT,Broadway-7th Ave,86th St,40.788644,-73.976218
IRT,Broadway-7th Ave,86th St,40.788644,-73.976218
IRT,Broadway-7th Ave,96th St,40.793919,-73.972323
IRT,Broadway-7th Ave,96th St,40.793919,-73.972323
IRT,Broadway-7th Ave,96th St,40.793919,-73.972323
IRT,Broadway-7th Ave,96th St,40.793919,-73.972323
IRT,Broadway-7th Ave,96th St,40.793919,-73.972323
IRT,Broadway-7th Ave,96th St,40.793919,-73.972323
IRT,Broadway-7th Ave,Canal St,40.722854,-74.006277
IRT,Broadway-7th Ave,Canal St,40.722854,-74.006277
IRT,Broadway-7th Ave,Canal St,40.722854,-74.006277
IRT,Broadway-7th Ave,Canal St,40.722854,-74.006277
IRT,Broadway-7th Ave,Cathedral Parkway-110th St,40.803967,-73.966847
IRT,Broadway-7th Ave,Cathedral Parkway-110th St,40.803967,-73.966847
IRT,Broadway-7th Ave,Cathedral Parkway-110th St,40.803967,-73.966847
IRT,Broadway-7th Ave,Chambers St,40.715478,-74.009266
IRT,Broadway-7th Ave,Chambers St,40.715478,-74.009266
IRT,Broadway-7th Ave,Chambers St,40.715478,-74.009266
IRT,Broadway-7th Ave,Chambers St,40.715478,-74.009266
IRT,Broadway-7th Ave,Chambers St,40.715478,-74.009266
IRT,Broadway-7th Ave,Christopher St,40.733422,-74.002906
IRT,Broadway-7th Ave,Christopher St,40.733422,-74.002906
IRT,Broadway-7th Ave,Christopher St,40.733422,-74.002906
IRT,Broadway-7th Ave,Christopher St,40.733422,-74.002906
IRT,Broadway-7th Ave,Christopher St,40.733422,-74.002906
IRT,Broadway-7th Ave,Dyckman St,40.860531,-73.925536
IRT,Broadway-7th Ave,Dyckman St,40.860531,-73.925536
IRT,Broadway-7th Ave,Franklin St,40.719318,-74.006886
IRT,Broadway-7th Ave,Franklin St,40.719318,-74.006886
IRT,Broadway-7th Ave,Franklin St,40.719318,-74.006886
IRT,Broadway-7th Ave,Franklin St,40.719318,-74.006886
IRT,Broadway-7th Ave,Franklin St,40.719318,-74.006886
IRT,Broadway-7th Ave,Houston St,40.728251,-74.005367
IRT,Broadway-7th Ave,Houston St,40.728251,-74.005367
IRT,Broadway-7th Ave,Houston St,40.728251,-74.005367
IRT,Broadway-7th Ave,Houston St,40.728251,-74.005367
IRT,Broadway-7th Ave,Houston St,40.728251,-74.005367
IRT,Broadway-7th Ave,Houston St,40.728251,-74.005367
IRT,Broadway-7th Ave,Houston St,40.728251,-74.005367
IRT,Broadway-7th Ave,Houston St,40.728251,-74.005367
IRT,Broadway-7th Ave,Marble Hill-225th St,40.874561,-73.909831
IRT,Broadway-7th Ave,Marble Hill-225th St,40.874561,-73.909831
IRT,Broadway-7th Ave,Rector St,40.707513,-74.013783
IRT,Broadway-7th Ave,Rector St,40.707513,-74.013783
IRT,Broadway-7th Ave,Rector St,40.707513,-74.013783
IRT,Broadway-7th Ave,Rector St,40.707513,-74.013783
IRT,Broadway-7th Ave,Rector St,40.707513,-74.013783
IRT,Broadway-7th Ave,Rector St,40.707513,-74.013783
IRT,Broadway-7th Ave,South Ferry,40.702068,-74.013664
IRT,Broadway-7th Ave,South Ferry,40.702068,-74.013664
IRT,Broadway-7th Ave,South Ferry,40.702068,-74.013664
IRT,Broadway-7th Ave,South Ferry,40.702068,-74.013664
IRT,Broadway-7th Ave,South Ferry,40.702068,-74.013664
IRT,Broadway-7th Ave,Times Square,40.75529,-73.987495
IRT,Broadway-7th Ave,Times Square,40.75529,-73.987495
IRT,Broadway-7th Ave,Times Square,40.75529,-73.987495
IRT,Broadway-7th Ave,Times Square,40.75529,-73.987495
IRT,Broadway-7th Ave,Times Square,40.75529,-73.987495
IRT,Broadway-7th Ave,Times Square,40.75529,-73.987495
IRT,Broadway-7th Ave,Times Square,40.75529,-73.987495
IRT,Broadway-7th Ave,Times Square,40.75529,-73.987495
IRT,Broadway-7th Ave,Times Square,40.75529,-73.987495
IRT,Broadway-7th Ave,Van Cortlandt Park-242nd St,40.889248,-73.898583
IRT,Broadway-7th Ave,Van Cortlandt Park-242nd St,40.889248,-73.898583
IRT,Broadway-7th Ave,Van Cortlandt Park-242nd St,40.889248,-73.898583
IRT,Broadway-7th Ave,Van Cortlandt Park-242nd St,40.889248,-73.898583
BMT,Canarsie,1st Av,40.730953,-73.981628
BMT,Canarsie,1st Av,40.730953,-73.981628
BMT,Canarsie,1st Av,40.730953,-73.981628
BMT,Canarsie,1st Av,40.730953,-73.981628
BMT,Canarsie,3rd Av,40.732849,-73.986122
BMT,Canarsie,3rd Av,40.732849,-73.986122
BMT,Canarsie,3rd Av,40.732849,-73.986122
BMT,Canarsie,3rd Av,40.732849,-73.986122
BMT,Canarsie,6th Av,40.737335,-73.996786
BMT,Canarsie,6th Av,40.737335,-73.996786
BMT,Canarsie,8th Av,40.739777,-74.002578
BMT,Canarsie,8th Av,40.739777,-74.002578
BMT,Canarsie,Atlantic Av,40.675345,-73.903097
BMT,Canarsie,Atlantic Av,40.675345,-73.903097
BMT,Canarsie,Atlantic Av,40.675345,-73.903097
BMT,Canarsie,Bedford Av,40.717304,-73.956872
BMT,Canarsie,Bedford Av,40.717304,-73.956872
BMT,Canarsie,Bedford Av,40.717304,-73.956872
BMT,Canarsie,Bedford Av,40.717304,-73.956872
BMT,Canarsie,Bushwick Av,40.682829,-73.905249
BMT,Canarsie,Canarsie - Rockaway Parkway,40.646654,-73.90185
BMT,Canarsie,Canarsie - Rockaway Parkway,40.645757,-73.9025
BMT,Canarsie,Canarsie - Rockaway Parkway,40.645957,-73.901741
BMT,Canarsie,DeKalb Av,40.703811,-73.918425
BMT,Canarsie,DeKalb Av,40.703811,-73.918425
BMT,Canarsie,DeKalb Av,40.703811,-73.918425
BMT,Canarsie,DeKalb Av,40.703811,-73.918425
BMT,Canarsie,DeKalb Av,40.703811,-73.918425
BMT,Canarsie,DeKalb Av,40.703811,-73.918425
BMT,Canarsie,DeKalb Av,40.703811,-73.918425
BMT,Canarsie,DeKalb Av,40.703811,-73.918425
BMT,Canarsie,East 105th St,40.650573,-73.899485
BMT,Canarsie,East 105th St,40.650573,-73.899485
BMT,Canarsie,Graham Av,40.714565,-73.944053
BMT,Canarsie,Graham Av,40.714565,-73.944053
BMT,Canarsie,Graham Av,40.714565,-73.944053
BMT,Canarsie,Graham Av,40.714565,-73.944053
BMT,Canarsie,Grand St,40.711926,-73.94067
BMT,Canarsie,Grand St,40.711926,-73.94067
BMT,Canarsie,Grand St,40.711926,-73.94067
BMT,Canarsie,Grand St,40.711926,-73.94067
BMT,Canarsie,Halsey St,40.695602,-73.904084
BMT,Canarsie,Halsey St,40.695602,-73.904084
BMT,Canarsie,Halsey St,40.695602,-73.904084
BMT,Canarsie,Halsey St,40.695602,-73.904084
BMT,Canarsie,Halsey St,40.695602,-73.904084
BMT,Canarsie,Halsey St,40.695602,-73.904084
BMT,Canarsie,Jefferson St,40.706607,-73.922913
BMT,Canarsie,Jefferson St,40.706607,-73.922913
BMT,Canarsie,Jefferson St,40.706607,-73.922913
BMT,Canarsie,Jefferson St,40.706607,-73.922913
BMT,Canarsie,Jefferson St,40.706607,-73.922913
BMT,Canarsie,Jefferson St,40.706607,-73.922913
BMT,Canarsie,Livonia Av,40.664038,-73.900571
BMT,Canarsie,Livonia Av,40.664038,-73.900571
BMT,Canarsie,Lorimer St,40.714063,-73.950275
BMT,Canarsie,Lorimer St,40.714063,-73.950275
BMT,Canarsie,Montrose Av,40.707739,-73.93985
BMT,Canarsie,Montrose Av,40.707739,-73.93985
BMT,Canarsie,Morgan Av,40.706152,-73.933147
BMT,Canarsie,Morgan Av,40.706152,-73.933147
BMT,Canarsie,Morgan Av,40.706152,-73.933147
BMT,Canarsie,Myrtle Av,40.699814,-73.911586
BMT,Canarsie,Myrtle Av,40.699814,-73.911586
BMT,Canarsie,Myrtle Av,40.699814,-73.911586
BMT,Canarsie,New Lots Av,40.658733,-73.899232
BMT,Canarsie,Sutter Av,40.669367,-73.901975
BMT,Canarsie,Union Square,40.734789,-73.99073
BMT,Canarsie,Union Square,40.734789,-73.99073
BMT,Canarsie,Wilson Av,40.688764,-73.904046
IRT,Clark,Borough Hall,40.693219,-73.989998
IRT,Clark,Borough Hall,40.693219,-73.989998
IRT,Clark,Borough Hall,40.693219,-73.989998
IRT,Clark,Borough Hall,40.693219,-73.989998
IRT,Clark,Clark St,40.697466,-73.993086
IRT,Clark,Clark St,40.697466,-73.993086
IRT,Clark,Fulton St,40.709416,-74.006571
IRT,Clark,Fulton St,40.709416,-74.006571
IRT,Clark,Fulton St,40.709416,-74.006571
IRT,Clark,Fulton St,40.709416,-74.006571
IRT,Clark,Park Place,40.713051,-74.008811
IRT,Clark,Wall St,40.706821,-74.0091
IRT,Clark,Wall St,40.706821,-74.0091
IRT,Clark,Wall St,40.706821,-74.0091
IRT,Clark,Wall St,40.706821,-74.0091
IRT,Clark,Wall St,40.706821,-74.0091
IRT,Clark,Wall St,40.706821,-74.0091
IND,Concourse,155th St,40.830135,-73.938209
IND,Concourse,167th St,40.833769,-73.918432
IND,Concourse,167th St,40.833769,-73.918432
IND,Concourse,167th St,40.833769,-73.918432
IND,Concourse,167th St,40.833769,-73.918432
IND,Concourse,167th St,40.833769,-73.918432
IND,Concourse,167th St,40.833769,-73.918432
IND,Concourse,170th St,40.839306,-73.9134
IND,Concourse,170th St,40.839306,-73.9134
IND,Concourse,170th St,40.839306,-73.9134
IND,Concourse,170th St,40.839306,-73.9134
IND,Concourse,170th St,40.839306,-73.9134
IND,Concourse,174-175th Sts,40.8459,-73.910136
IND,Concourse,174-175th Sts,40.8459,-73.910136
IND,Concourse,174-175th Sts,40.8459,-73.910136
IND,Concourse,174-175th Sts,40.8459,-73.910136
IND,Concourse,182nd-183rd Sts,40.856093,-73.900741
IND,Concourse,182nd-183rd Sts,40.856093,-73.900741
IND,Concourse,182nd-183rd Sts,40.856093,-73.900741
IND,Concourse,182nd-183rd Sts,40.856093,-73.900741
IND,Concourse,Bedford Park Blvd,40.873244,-73.887138
IND,Concourse,Bedford Park Blvd,40.873244,-73.887138
IND,Concourse,Bedford Park Blvd,40.873244,-73.887138
IND,Concourse,Bedford Park Blvd,40.873244,-73.887138
IND,Concourse,Bedford Park Blvd,40.873244,-73.887138
IND,Concourse,Fordham Rd,40.861296,-73.897749
IND,Concourse,Fordham Rd,40.861296,-73.897749
IND,Concourse,Fordham Rd,40.861296,-73.897749
IND,Concourse,Fordham Rd,40.861296,-73.897749
IND,Concourse,Fordham Rd,40.861296,-73.897749
IND,Concourse,Fordham Rd,40.861296,-73.897749
IND,Concourse,Kingsbridge Rd,40.866978,-73.893509
IND,Concourse,Kingsbridge Rd,40.866978,-73.893509
IND,Concourse,Kingsbridge Rd,40.866978,-73.893509
IND,Concourse,Kingsbridge Rd,40.866978,-73.893509
IND,Concourse,Kingsbridge Rd,40.866978,-73.893509
IND,Concourse,Norwood-205th St,40.874811,-73.878855
IND,Concourse,Norwood-205th St,40.874811,-73.878855
IND,Concourse,Norwood-205th St,40.874811,-73.878855
IND,Concourse,Norwood-205th St,40.874811,-73.878855
IND,Concourse,Tremont Av,40.85041,-73.905227
IND,Concourse,Tremont Av,40.85041,-73.905227
IND,Concourse,Tremont Av,40.85041,-73.905227
IND,Concourse,Tremont Av,40.85041,-73.905227
IND,Concourse,Tremont Av,40.85041,-73.905227
IND,Concourse,Yankee Stadium-161st St,40.827905,-73.925651
IND,Concourse,Yankee Stadium-161st St,40.827905,-73.925651
IND,Concourse,Yankee Stadium-161st St,40.827905,-73.925651
IND,Concourse,Yankee Stadium-161st St,40.827905,-73.925651
IND,Concourse,Yankee Stadium-161st St,40.827905,-73.925651
IND,Concourse,Yankee Stadium-161st St,40.827905,-73.925651
IND,Concourse,Yankee Stadium-161st St,40.827905,-73.925651
IND,Concourse,Yankee Stadium-161st St,40.827905,-73.925651
BMT,Coney Island,Stillwell Av,40.577422,-73.981233
BMT,Coney Island,West 8th St,40.576127,-73.975939
BMT,Coney Island,West 8th St,40.576127,-73.975939
IND,Crosstown,21st St,40.744065,-73.949724
IND,Crosstown,21st St,40.744065,-73.949724
IND,Crosstown,21st St,40.744065,-73.949724
IND,Crosstown,Bedford-Nostrand Avs,40.689627,-73.953522
IND,Crosstown,Bedford-Nostrand Avs,40.689627,-73.953522
IND,Crosstown,Bedford-Nostrand Avs,40.689627,-73.953522
IND,Crosstown,Bedford-Nostrand Avs,40.689627,-73.953522
IND,Crosstown,Bedford-Nostrand Avs,40.689627,-73.953522
IND,Crosstown,Bedford-Nostrand Avs,40.689627,-73.953522
IND,Crosstown,Broadway,40.706092,-73.950308
IND,Crosstown,Broadway,40.706092,-73.950308
IND,Crosstown,Broadway,40.706092,-73.950308
IND,Crosstown,Broadway,40.706092,-73.950308
IND,Crosstown,Classon Av,40.688873,-73.96007
IND,Crosstown,Classon Av,40.688873,-73.96007
IND,Crosstown,Classon Av,40.688873,-73.96007
IND,Crosstown,Clinton-Washington Avs,40.688089,-73.966839
IND,Crosstown,Clinton-Washington Avs,40.688089,-73.966839
IND,Crosstown,Clinton-Washington Avs,40.688089,-73.966839
IND,Crosstown,Clinton-Washington Avs,40.688089,-73.966839
IND,Crosstown,Clinton-Washington Avs,40.688089,-73.966839
IND,Crosstown,Clinton-Washington Avs,40.688089,-73.966839
IND,Crosstown,Clinton-Washington Avs,40.688089,-73.966839
IND,Crosstown,Clinton-Washington Avs,40.688089,-73.966839
IND,Crosstown,Flushing Av,40.700377,-73.950234
IND,Crosstown,Flushing Av,40.700377,-73.950234
IND,Crosstown,Fulton St,40.687119,-73.975375
IND,Crosstown,Fulton St,40.687119,-73.975375
IND,Crosstown,Greenpoint Av,40.731352,-73.954449
IND,Crosstown,Greenpoint Av,40.731352,-73.954449
IND,Crosstown,Greenpoint Av,40.731352,-73.954449
IND,Crosstown,Greenpoint Av,40.731352,-73.954449
IND,Crosstown,Greenpoint Av,40.731352,-73.954449
IND,Crosstown,Long Island City-Court Square,40.746554,-73.943832
IND,Crosstown,Long Island City-Court Square,40.746554,-73.943832
IND,Crosstown,Long Island City-Court Square,40.746554,-73.943832
IND,Crosstown,Metropolitan Av,40.712792,-73.951418
IND,Crosstown,Metropolitan Av,40.712792,-73.951418
IND,Crosstown,Metropolitan Av,40.712792,-73.951418
IND,Crosstown,Metropolitan Av,40.712792,-73.951418
IND,Crosstown,Myrtle-Willoughby Avs,40.694568,-73.949046
IND,Crosstown,Myrtle-Willoughby Avs,40.694568,-73.949046
IND,Crosstown,Nassau Av,40.724635,-73.951277
IND,Crosstown,Nassau Av,40.724635,-73.951277
IND,Crosstown,Nassau Av,40.724635,-73.951277
IND,Crosstown,Nassau Av,40.724635,-73.951277
IND,Crosstown,Nassau Av,40.724635,-73.951277
IND,Crosstown,Nassau Av,40.724635,-73.951277
IND,Culver,18th Av,40.629755,-73.976971
IND,Culver,18th Av,40.629755,-73.976971
IND,Culver,18th Av,40.629755,-73.976971
IND,Culver,18th Av,40.629755,-73.976971
IND,Culver,Av I,40.625322,-73.976127
IND,Culver,Av I,40.625322,-73.976127
IND,Culver,Av I,40.625322,-73.976127
IND,Culver,Av I,40.625322,-73.976127
IND,Culver,Av N,40.61514,-73.974197
IND,Culver,Av N,40.61514,-73.974197
IND,Culver,Av N,40.61514,-73.974197
IND,Culver,Av N,40.61514,-73.974197
IND,Culver,Av P,40.608944,-73.973022
IND,Culver,Av P,40.608944,-73.973022
IND,Culver,Av U,40.596063,-73.973357
IND,Culver,Av U,40.596063,-73.973357
IND,Culver,Av U,40.596063,-73.973357
IND,Culver,Av U,40.596063,-73.973357
IND,Culver,Av X,40.58962,-73.97425
IND,Culver,Av X,40.58962,-73.97425
IND,Culver,Bay Parkway-22nd Av,40.620769,-73.975264
IND,Culver,Bay Parkway-22nd Av,40.620769,-73.975264
IND,Culver,Bay Parkway-22nd Av,40.620769,-73.975264
IND,Culver,Ditmas Av,40.636119,-73.978172
IND,Culver,Ditmas Av,40.636119,-73.978172
IND,Culver,Ditmas Av,40.636119,-73.978172
IND,Culver,Ditmas Av,40.636119,-73.978172
IND,Culver,Kings Highway,40.603217,-73.972361
IND,Culver,Kings Highway,40.603217,-73.972361
IND,Culver,Kings Highway,40.603217,-73.972361
IND,Culver,Kings Highway,40.603217,-73.972361
IND,Culver,Neptune Av-Van Siclen,40.581011,-73.974574
IND,Culver,Neptune Av-Van Siclen,40.581011,-73.974574
IRT,Dyre Av,Baychester Av,40.878663,-73.838591
IRT,Dyre Av,Baychester Av,40.878663,-73.838591
IRT,Dyre Av,Eastchester-Dyre Av,40.8883,-73.830834
IRT,Dyre Av,Gun Hill Rd,40.869526,-73.846384
IRT,Dyre Av,Gun Hill Rd,40.869526,-73.846384
IRT,Dyre Av,Morris Park,40.854364,-73.860495
IRT,Dyre Av,Pelham Parkway,40.858985,-73.855359
IRT,Eastern Parkway,Atlantic Av-Barclays Ctr,40.684359,-73.977666
IRT,Eastern Parkway,Bergen St,40.680829,-73.975098
IRT,Eastern Parkway,Bergen St,40.680829,-73.975098
IRT,Eastern Parkway,Bergen St,40.680829,-73.975098
IRT,Eastern Parkway,Bergen St,40.680829,-73.975098
IRT,Eastern Parkway,Bergen St,40.680829,-73.975098
IRT,Eastern Parkway,Eastern Parkway-Brooklyn Museum,40.671987,-73.964375
IRT,Eastern Parkway,Eastern Parkway-Brooklyn Museum,40.671987,-73.964375
IRT,Eastern Parkway,Franklin Av,40.670682,-73.958131
IRT,Eastern Parkway,Franklin Av,40.670682,-73.958131
IRT,Eastern Parkway,Franklin Av,40.670682,-73.958131
IRT,Eastern Parkway,Franklin Av,40.670682,-73.958131
IRT,Eastern Parkway,Grand Army Plaza,40.675235,-73.971046
IRT,Eastern Parkway,Grand Army Plaza,40.675235,-73.971046
IRT,Eastern Parkway,Grand Army Plaza,40.675235,-73.971046
IRT,Eastern Parkway,Grand Army Plaza,40.675235,-73.971046
IRT,Eastern Parkway,Hoyt St,40.690545,-73.985065
IRT,Eastern Parkway,Hoyt St,40.690545,-73.985065
IRT,Eastern Parkway,Hoyt St,40.690545,-73.985065
IRT,Eastern Parkway,Hoyt St,40.690545,-73.985065
IRT,Eastern Parkway,Hoyt St,40.690545,-73.985065
IRT,Eastern Parkway,Kingston Av,40.669399,-73.942161
IRT,Eastern Parkway,Kingston Av,40.669399,-73.942161
IRT,Eastern Parkway,Nevins St,40.688246,-73.980492
IRT,Eastern Parkway,Nevins St,40.688246,-73.980492
IRT,Eastern Parkway,Nevins St,40.688246,-73.980492
IRT,Eastern Parkway,Nevins St,40.688246,-73.980492
IRT,Eastern Parkway,Nostrand Av,40.669847,-73.950466
IRT,Eastern Parkway,Nostrand Av,40.669847,-73.950466
IRT,Eastern Parkway,Utica Av,40.668897,-73.932942
IRT,Eastern Parkway,Utica Av,40.668897,-73.932942
IRT,Eastern Parkway,Utica Av,40.668897,-73.932942
IRT,Eastern Parkway,Utica Av,40.668897,-73.932942
IRT,Eastern Parkway,Utica Av,40.668897,-73.932942
IRT,Eastern Parkway,Utica Av,40.668897,-73.932942
IRT,Eastern Parkway,Utica Av,40.668897,-73.932942
IRT,Flushing,103rd St,40.749865,-73.8627
IRT,Flushing,103rd St,40.749865,-73.8627
IRT,Flushing,103rd St,40.749865,-73.8627
IRT,Flushing,103rd St,40.749865,-73.8627
IRT,Flushing,111th St,40.75173,-73.855334
IRT,Flushing,111th St,40.75173,-73.855334
IRT,Flushing,111th St,40.75173,-73.855334
IRT,Flushing,45 Rd-Court House Sq,40.747023,-73.945264
IRT,Flushing,45 Rd-Court House Sq,40.747023,-73.945264
IRT,Flushing,45 Rd-Court House Sq,40.747023,-73.945264
IRT,Flushing,5th Av,40.753821,-73.981963
IRT,Flushing,5th Av,40.753821,-73.981963
IRT,Flushing,5th Av,40.753821,-73.981963
IRT,Flushing,82nd St-Jackson Heights,40.747659,-73.883697
IRT,Flushing,82nd St-Jackson Heights,40.747659,-73.883697
IRT,Flushing,82nd St-Jackson Heights,40.747659,-73.883697
IRT,Flushing,90th St Elmhurst,40.748408,-73.876613
IRT,Flushing,90th St Elmhurst,40.748408,-73.876613
IRT,Flushing,90th St Elmhurst,40.748408,-73.876613
IRT,Flushing,Bliss St-46th St,40.743132,-73.918435
IRT,Flushing,Bliss St-46th St,40.743132,-73.918435
IRT,Flushing,Bliss St-46th St,40.743132,-73.918435
IRT,Flushing,Bliss St-46th St,40.743132,-73.918435
IRT,Flushing,Bliss St-46th St,40.743132,-73.918435
IRT,Flushing,Bliss St-46th St,40.743132,-73.918435
IRT,Flushing,Broadway-74th St,40.746848,-73.891394
IRT,Flushing,Fisk Av-69th St,40.746325,-73.896403
IRT,Flushing,Fisk Av-69th St,40.746325,-73.896403
IRT,Flushing,Flushing-Main St,40.7596,-73.83003
IRT,Flushing,Flushing-Main St,40.7596,-73.83003
IRT,Flushing,Flushing-Main St,40.7596,-73.83003
IRT,Flushing,Flushing-Main St,40.7596,-73.83003
IRT,Flushing,Flushing-Main St,40.7596,-73.83003
IRT,Flushing,Flushing-Main St,40.7596,-73.83003
IRT,Flushing,Flushing-Main St,40.7596,-73.83003
IRT,Flushing,Flushing-Main St,40.7596,-73.83003
IRT,Flushing,Flushing-Main St,40.7596,-73.83003
IRT,Flushing,Flushing-Main St,40.7596,-73.83003
IRT,Flushing,Grand Central-42nd St,40.751431,-73.976041
IRT,Flushing,Hunters Point,40.742216,-73.948916
IRT,Flushing,Hunters Point,40.742216,-73.948916
IRT,Flushing,Hunters Point,40.742216,-73.948916
IRT,Flushing,Junction Blvd,40.749145,-73.869527
IRT,Flushing,Junction Blvd,40.749145,-73.869527
IRT,Flushing,Junction Blvd,40.749145,-73.869527
IRT,Flushing,Junction Blvd,40.749145,-73.869527
IRT,Flushing,Junction Blvd,40.749145,-73.869527
IRT,Flushing,Lincoln Av-52nd St,40.744149,-73.912549
IRT,Flushing,Lincoln Av-52nd St,40.744149,-73.912549
IRT,Flushing,Lincoln Av-52nd St,40.744149,-73.912549
IRT,Flushing,Lincoln Av-52nd St,40.744149,-73.912549
IRT,Flushing,Lowery St-40th St,40.743781,-73.924016
IRT,Flushing,Lowery St-40th St,40.743781,-73.924016
IRT,Flushing,Lowery St-40th St,40.743781,-73.924016
IRT,Flushing,Lowery St-40th St,40.743781,-73.924016
IRT,Flushing,Mets - Willets Point,40.754622,-73.845625
IRT,Flushing,Mets - Willets Point,40.754622,-73.845625
IRT,Flushing,Mets - Willets Point,40.754622,-73.845625
IRT,Flushing,Mets - Willets Point,40.754622,-73.845625
IRT,Flushing,Queensboro Plaza,40.750582,-73.940202
IRT,Flushing,Queensboro Plaza,40.750582,-73.940202
IRT,Flushing,Rawson St-33rd St,40.744587,-73.930997
IRT,Flushing,Rawson St-33rd St,40.744587,-73.930997
IRT,Flushing,Rawson St-33rd St,40.744587,-73.930997
IRT,Flushing,Rawson St-33rd St,40.744587,-73.930997
IRT,Flushing,Rawson St-33rd St,40.744587,-73.930997
IRT,Flushing,Rawson St-33rd St,40.744587,-73.930997
IRT,Flushing,Vernon Blvd-Jackson Av,40.742626,-73.953581
IRT,Flushing,Vernon Blvd-Jackson Av,40.742626,-73.953581
IRT,Flushing,Vernon Blvd-Jackson Av,40.742626,-73.953581
IRT,Flushing,Vernon Blvd-Jackson Av,40.742626,-73.953581
IRT,Flushing,Vernon Blvd-Jackson Av,40.742626,-73.953581
IRT,Flushing,Vernon Blvd-Jackson Av,40.742626,-73.953581
IRT,Flushing,Vernon Blvd-Jackson Av,40.742626,-73.953581
IRT,Flushing,Vernon Blvd-Jackson Av,40.742626,-73.953581
IRT,Flushing,Woodside Av-61st St,40.74563,-73.902984
IRT,Flushing,Woodside Av-61st St,40.74563,-73.902984
IRT,Flushing,Woodside Av-61st St,40.74563,-73.902984
BMT,Franklin,Botanic Gardens,40.670343,-73.959245
BMT,Franklin,Franklin Av,40.680596,-73.955827
BMT,Franklin,Park Place,40.674772,-73.957624
BMT,Franklin,Park Place,40.674772,-73.957624
IND,Fulton,Broadway Junction-East New York,40.678334,-73.905316
IND,Fulton,Clinton & Washington Avs,40.683263,-73.965838
IND,Fulton,Clinton & Washington Avs,40.683263,-73.965838
IND,Fulton,Clinton & Washington Avs,40.683263,-73.965838
IND,Fulton,Clinton & Washington Avs,40.683263,-73.965838
IND,Fulton,Clinton & Washington Avs,40.683263,-73.965838
IND,Fulton,Euclid Av,40.675377,-73.872106
IND,Fulton,Euclid Av,40.675377,-73.872106
IND,Fulton,Euclid Av,40.675377,-73.872106
IND,Fulton,Euclid Av,40.675377,-73.872106
IND,Fulton,Euclid Av,40.675377,-73.872106
IND,Fulton,Franklin Av,40.68138,-73.956848
IND,Fulton,Hoyt & Schermerhorn,40.688484,-73.985001
IND,Fulton,Hoyt & Schermerhorn,40.688484,-73.985001
IND,Fulton,Jay St - Borough Hall,40.692338,-73.987342
IND,Fulton,Jay St - Borough Hall,40.692338,-73.987342
IND,Fulton,Jay St - Borough Hall,40.692338,-73.987342
IND,Fulton,Jay St - Borough Hall,40.692338,-73.987342
IND,Fulton,Jay St - Borough Hall,40.692338,-73.987342
IND,Fulton,Jay St - Borough Hall,40.692338,-73.987342
IND,Fulton,Jay St - Borough Hall,40.692338,-73.987342
IND,Fulton,Jay St - Borough Hall,40.692338,-73.987342
IND,Fulton,Jay St - Borough Hall,40.692338,-73.987342
IND,Fulton,Jay St - Borough Hall,40.692338,-73.987342
IND,Fulton,Jay St - Borough Hall,40.692338,-73.987342
IND,Fulton,Jay St - Borough Hall,40.692338,-73.987342
IND,Fulton,Jay St - Borough Hall,40.692338,-73.987342
IND,Fulton,Kingston-Throop,40.679921,-73.940858
IND,Fulton,Kingston-Throop,40.679921,-73.940858
IND,Fulton,Kingston-Throop,40.679921,-73.940858
IND,Fulton,Kingston-Throop,40.679921,-73.940858
IND,Fulton,Lafayette Av,40.686113,-73.973946
IND,Fulton,Lafayette Av,40.686113,-73.973946
IND,Fulton,Lafayette Av,40.686113,-73.973946
IND,Fulton,Lafayette Av,40.686113,-73.973946
IND,Fulton,Lafayette Av,40.686113,-73.973946
IND,Fulton,Lafayette Av,40.686113,-73.973946
IND,Fulton,Lafayette Av,40.686113,-73.973946
IND,Fulton,Lafayette Av,40.686113,-73.973946
IND,Fulton,Lafayette Av,40.686113,-73.973946
IND,Fulton,Liberty Av,40.674542,-73.896548
IND,Fulton,Liberty Av,40.674542,-73.896548
IND,Fulton,Liberty Av,40.674542,-73.896548
IND,Fulton,Liberty Av,40.674542,-73.896548
IND,Fulton,Nostrand Av,40.680438,-73.950426
IND,Fulton,Nostrand Av,40.680438,-73.950426
IND,Fulton,Nostrand Av,40.680438,-73.950426
IND,Fulton,Nostrand Av,40.680438,-73.950426
IND,Fulton,Ralph Av,40.678822,-73.920786
IND,Fulton,Ralph Av,40.678822,-73.920786
IND,Fulton,Ralph Av,40.678822,-73.920786
IND,Fulton,Rockaway Av,40.67834,-73.911946
IND,Fulton,Rockaway Av,40.67834,-73.911946
IND,Fulton,Rockaway Av,40.67834,-73.911946
IND,Fulton,Rockaway Av,40.67834,-73.911946
IND,Fulton,Rockaway Av,40.67834,-73.911946
IND,Fulton,Rockaway Av,40.67834,-73.911946
IND,Fulton,Shepherd Av,40.67413,-73.88075
IND,Fulton,Shepherd Av,40.67413,-73.88075
IND,Fulton,Shepherd Av,40.67413,-73.88075
IND,Fulton,Shepherd Av,40.67413,-73.88075
IND,Fulton,Utica Av,40.679364,-73.930729
IND,Fulton,Utica Av,40.679364,-73.930729
IND,Fulton,Utica Av,40.679364,-73.930729
IND,Fulton,Utica Av,40.679364,-73.930729
IND,Fulton,Van Siclen Av,40.67271,-73.890358
IND,Fulton,Van Siclen Av,40.67271,-73.890358
IND,Fulton,Van Siclen Av,40.67271,-73.890358
IND,Fulton,Van Siclen Av,40.67271,-73.890358
IRT,Jerome,138th St,40.813224,-73.929849
IRT,Jerome,138th St,40.813224,-73.929849
IRT,Jerome,138th St,40.813224,-73.929849
IRT,Jerome,149th St-Grand Concourse,40.818375,-73.927351
IRT,Jerome,149th St-Grand Concourse,40.818375,-73.927351
IRT,Jerome,149th St-Grand Concourse,40.818375,-73.927351
IRT,Jerome,149th St-Grand Concourse,40.818375,-73.927351
IRT,Jerome,167th St,40.835537,-73.9214
IRT,Jerome,167th St,40.835537,-73.9214
IRT,Jerome,167th St,40.835537,-73.9214
IRT,Jerome,167th St,40.835537,-73.9214
IRT,Jerome,170th St,40.840075,-73.917791
IRT,Jerome,170th St,40.840075,-73.917791
IRT,Jerome,170th St,40.840075,-73.917791
IRT,Jerome,176th St,40.84848,-73.911794
IRT,Jerome,176th St,40.84848,-73.911794
IRT,Jerome,183rd St,40.858407,-73.903879
IRT,Jerome,183rd St,40.858407,-73.903879
IRT,Jerome,183rd St,40.858407,-73.903879
IRT,Jerome,Bedford Park Blvd-Lehman College,40.873412,-73.890064
IRT,Jerome,Burnside Av,40.853453,-73.907684
IRT,Jerome,Burnside Av,40.853453,-73.907684
IRT,Jerome,Burnside Av,40.853453,-73.907684
IRT,Jerome,Burnside Av,40.853453,-73.907684
IRT,Jerome,Fordham Rd,40.862803,-73.901034
IRT,Jerome,Fordham Rd,40.862803,-73.901034
IRT,Jerome,Fordham Rd,40.862803,-73.901034
IRT,Jerome,Fordham Rd,40.862803,-73.901034
IRT,Jerome,Kingsbridge Rd,40.86776,-73.897174
IRT,Jerome,Kingsbridge Rd,40.86776,-73.897174
IRT,Jerome,Kingsbridge Rd,40.86776,-73.897174
IRT,Jerome,Mosholu Parkway,40.87975,-73.884655
IRT,Jerome,Mosholu Parkway,40.87975,-73.884655
IRT,Jerome,Mosholu Parkway,40.87975,-73.884655
IRT,Jerome,Mosholu Parkway,40.87975,-73.884655
IRT,Jerome,Mt Eden Av,40.844434,-73.914685
IRT,Jerome,Mt Eden Av,40.844434,-73.914685
IRT,Jerome,Woodlawn,40.886037,-73.878751
IRT,Jerome,Woodlawn,40.886037,-73.878751
IRT,Jerome,Yankee Stadium-161st St,40.827994,-73.925831
IRT,Jerome,Yankee Stadium-161st St,40.827994,-73.925831
IRT,Jerome,Yankee Stadium-161st St,40.827994,-73.925831
IRT,Jerome,Yankee Stadium-161st St,40.827994,-73.925831
IRT,Jerome,Yankee Stadium-161st St,40.827994,-73.925831
IRT,Jerome,Yankee Stadium-161st St,40.827994,-73.925831
IRT,Jerome,Yankee Stadium-161st St,40.827994,-73.925831
IRT,Jerome,Yankee Stadium-161st St,40.827994,-73.925831
IRT,Lenox,110th St-Central Park North,40.799075,-73.951822
IRT,Lenox,110th St-Central Park North,40.799075,-73.951822
IRT,Lenox,116th St,40.802098,-73.949625
IRT,Lenox,116th St,40.802098,-73.949625
IRT,Lenox,116th St,40.802098,-73.949625
IRT,Lenox,116th St,40.802098,-73.949625
IRT,Lenox,125th St,40.807754,-73.945495
IRT,Lenox,125th St,40.807754,-73.945495
IRT,Lenox,125th St,40.807754,-73.945495
IRT,Lenox,125th St,40.807754,-73.945495
IRT,Lenox,135th St,40.814229,-73.94077
IRT,Lenox,135th St,40.814229,-73.94077
IRT,Lenox,135th St,40.814229,-73.94077
IRT,Lenox,135th St,40.814229,-73.94077
IRT,Lenox,145th St,40.820421,-73.936245
IRT,Lenox,145th St,40.820421,-73.936245
IRT,Lenox,145th St,40.820421,-73.936245
IRT,Lenox,145th St,40.820421,-73.936245
IRT,Lenox,Harlem-148th St,40.82388,-73.93647
IRT,Lexington,103rd St,40.7906,-73.947478
IRT,Lexington,103rd St,40.7906,-73.947478
IRT,Lexington,110th St,40.79502,-73.94425
IRT,Lexington,110th St,40.79502,-73.94425
IRT,Lexington,110th St,40.79502,-73.94425
IRT,Lexington,110th St,40.79502,-73.94425
IRT,Lexington,116th St,40.798629,-73.941617
IRT,Lexington,116th St,40.798629,-73.941617
IRT,Lexington,116th St,40.798629,-73.941617
IRT,Lexington,116th St,40.798629,-73.941617
IRT,Lexington,125th St,40.804138,-73.937594
IRT,Lexington,125th St,40.804138,-73.937594
IRT,Lexington,125th St,40.804138,-73.937594
IRT,Lexington,125th St,40.804138,-73.937594
IRT,Lexington,125th St,40.804138,-73.937594
IRT,Lexington,14th St-Union Square,40.734673,-73.989951
IRT,Lexington,14th St-Union Square,40.734673,-73.989951
IRT,Lexington,14th St-Union Square,40.734673,-73.989951
IRT,Lexington,14th St-Union Square,40.734673,-73.989951
IRT,Lexington,14th St-Union Square,40.734673,-73.989951
IRT,Lexington,14th St-Union Square,40.734673,-73.989951
IRT,Lexington,23rd St,40.739864,-73.986599
IRT,Lexington,23rd St,40.739864,-73.986599
IRT,Lexington,23rd St,40.739864,-73.986599
IRT,Lexington,23rd St,40.739864,-73.986599
IRT,Lexington,23rd St,40.739864,-73.986599
IRT,Lexington,23rd St,40.739864,-73.986599
IRT,Lexington,23rd St,40.739864,-73.986599
IRT,Lexington,23rd St,40.739864,-73.986599
IRT,Lexington,23rd St,40.739864,-73.986599
IRT,Lexington,28th St,40.74307,-73.984264
IRT,Lexington,28th St,40.74307,-73.984264
IRT,Lexington,28th St,40.74307,-73.984264
IRT,Lexington,28th St,40.74307,-73.984264
IRT,Lexington,28th St,40.74307,-73.984264
IRT,Lexington,28th St,40.74307,-73.984264
IRT,Lexington,28th St,40.74307,-73.984264
IRT,Lexington,33rd St,40.746081,-73.982076
IRT,Lexington,33rd St,40.746081,-73.982076
IRT,Lexington,33rd St,40.746081,-73.982076
IRT,Lexington,33rd St,40.746081,-73.982076
IRT,Lexington,33rd St,40.746081,-73.982076
IRT,Lexington,33rd St,40.746081,-73.982076
IRT,Lexington,33rd St,40.746081,-73.982076
IRT,Lexington,33rd St,40.746081,-73.982076
IRT,Lexington,33rd St,40.746081,-73.982076
IRT,Lexington,51st St,40.757107,-73.97192
IRT,Lexington,51st St,40.757107,-73.97192
IRT,Lexington,51st St,40.757107,-73.97192
IRT,Lexington,51st St,40.757107,-73.97192
IRT,Lexington,51st St,40.757107,-73.97192
IRT,Lexington,51st St,40.757107,-73.97192
IRT,Lexington,51st St,40.757107,-73.97192
IRT,Lexington,51st St,40.757107,-73.97192
IRT,Lexington,51st St,40.757107,-73.97192
IRT,Lexington,59th St,40.762526,-73.967967
IRT,Lexington,59th St,40.762526,-73.967967
IRT,Lexington,59th St,40.762526,-73.967967
IRT,Lexington,59th St,40.762526,-73.967967
IRT,Lexington,59th St,40.762526,-73.967967
IRT,Lexington,59th St,40.762526,-73.967967
IRT,Lexington,59th St,40.762526,-73.967967
IRT,Lexington,68th St-Hunter College,40.768141,-73.96387
IRT,Lexington,68th St-Hunter College,40.768141,-73.96387
IRT,Lexington,68th St-Hunter College,40.768141,-73.96387
IRT,Lexington,68th St-Hunter College,40.768141,-73.96387
IRT,Lexington,68th St-Hunter College,40.768141,-73.96387
IRT,Lexington,77th St,40.77362,-73.959874
IRT,Lexington,77th St,40.77362,-73.959874
IRT,Lexington,77th St,40.77362,-73.959874
IRT,Lexington,77th St,40.77362,-73.959874
IRT,Lexington,77th St,40.77362,-73.959874
IRT,Lexington,77th St,40.77362,-73.959874
IRT,Lexington,77th St,40.77362,-73.959874
IRT,Lexington,77th St,40.77362,-73.959874
IRT,Lexington,86th St,40.779492,-73.955589
IRT,Lexington,86th St,40.779492,-73.955589
IRT,Lexington,86th St,40.779492,-73.955589
IRT,Lexington,86th St,40.779492,-73.955589
IRT,Lexington,86th St,40.779492,-73.955589
IRT,Lexington,86th St,40.779492,-73.955589
IRT,Lexington,86th St,40.779492,-73.955589
IRT,Lexington,86th St,40.779492,-73.955589
IRT,Lexington,96th St,40.785672,-73.95107
IRT,Lexington,96th St,40.785672,-73.95107
IRT,Lexington,96th St,40.785672,-73.95107
IRT,Lexington,96th St,40.785672,-73.95107
IRT,Lexington,Astor Place,40.730054,-73.99107
IRT,Lexington,Astor Place,40.730054,-73.99107
IRT,Lexington,Bleecker St,40.725915,-73.994659
IRT,Lexington,Bleecker St,40.725915,-73.994659
IRT,Lexington,Bleecker St,40.725915,-73.994659
IRT,Lexington,Bleecker St,40.725915,-73.994659
IRT,Lexington,Bleecker St,40.725915,-73.994659
IRT,Lexington,Bleecker St,40.725915,-73.994659
IRT,Lexington,Bleecker St,40.725915,-73.994659
IRT,Lexington,Borough Hall,40.692404,-73.990151
IRT,Lexington,Borough Hall,40.692404,-73.990151
IRT,Lexington,Borough Hall,40.692404,-73.990151
IRT,Lexington,Borough Hall,40.692404,-73.990151
IRT,Lexington,Borough Hall,40.692404,-73.990151
IRT,Lexington,Bowling Green,40.704817,-74.014065
IRT,Lexington,Bowling Green,40.704817,-74.014065
IRT,Lexington,Bowling Green,40.704817,-74.014065
IRT,Lexington,Bowling Green,40.704817,-74.014065
IRT,Lexington,Bowling Green,40.704817,-74.014065
IRT,Lexington,Brooklyn Bridge-City Hall,40.712868,-74.004806
IRT,Lexington,Brooklyn Bridge-City Hall,40.712723,-74.004971
IRT,Lexington,Brooklyn Bridge-City Hall,40.712333,-74.004387
IRT,Lexington,Brooklyn Bridge-City Hall,40.711857,-74.005114
IRT,Lexington,Brooklyn Bridge-City Hall,40.711824,-74.005057
IRT,Lexington,Brooklyn Bridge-City Hall,40.713813,-74.003907
IRT,Lexington,Brooklyn Bridge-City Hall,40.713889,-74.003654
IRT,Lexington,Brooklyn Bridge-City Hall,40.713065,-74.004131
IRT,Lexington,Brooklyn Bridge-City Hall,40.713065,-74.004131
IRT,Lexington,Canal St,40.718803,-74.000193
IRT,Lexington,Canal St,40.718803,-74.000193
IRT,Lexington,Canal St,40.718803,-74.000193
IRT,Lexington,Canal St,40.718803,-74.000193
IRT,Lexington,Canal St,40.718803,-74.000193
IRT,Lexington,Canal St,40.718803,-74.000193
IRT,Lexington,Canal St,40.718803,-74.000193
IRT,Lexington,Fulton St,40.710368,-74.009509
IRT,Lexington,Fulton St,40.710368,-74.009509
IRT,Lexington,Fulton St,40.710368,-74.009509
IRT,Lexington,Fulton St,40.710368,-74.009509
IRT,Lexington,Fulton St,40.710368,-74.009509
IRT,Lexington,Grand Central-42nd St,40.751776,-73.976848
IRT,Lexington,Grand Central-42nd St,40.751776,-73.976848
IRT,Lexington,Grand Central-42nd St,40.751776,-73.976848
IRT,Lexington,Grand Central-42nd St,40.751776,-73.976848
IRT,Lexington,Grand Central-42nd St,40.751776,-73.976848
IRT,Lexington,Grand Central-42nd St,40.751776,-73.976848
IRT,Lexington,Grand Central-42nd St,40.751776,-73.976848
IRT,Lexington,Grand Central-42nd St,40.751776,-73.976848
IRT,Lexington,Spring St,40.722301,-73.997141
IRT,Lexington,Spring St,40.722301,-73.997141
IRT,Lexington,Spring St,40.722301,-73.997141
IRT,Lexington,Spring St,40.722301,-73.997141
IRT,Lexington,Wall St,40.707557,-74.011862
IRT,Lexington,Wall St,40.707557,-74.011862
IRT,Lexington,Wall St,40.707557,-74.011862
IRT,Lexington,Wall St,40.707557,-74.011862
IRT,Lexington,Wall St,40.707557,-74.011862
IRT,Lexington,Wall St,40.707557,-74.011862
IRT,Lexington,Wall St,40.707557,-74.011862
IRT,Lexington,Wall St,40.707557,-74.011862
IND,Liberty,104th St-Oxford Av,40.681711,-73.837683
IND,Liberty,104th St-Oxford Av,40.681711,-73.837683
IND,Liberty,111th St-Greenwood Av,40.684331,-73.832163
IND,Liberty,111th St-Greenwood Av,40.684331,-73.832163
IND,Liberty,111th St-Greenwood Av,40.684331,-73.832163
IND,Liberty,111th St-Greenwood Av,40.684331,-73.832163
IND,Liberty,80th St-Hudson St,40.679371,-73.858992
IND,Liberty,80th St-Hudson St,40.679371,-73.858992
IND,Liberty,80th St-Hudson St,40.679371,-73.858992
IND,Liberty,80th St-Hudson St,40.679371,-73.858992
IND,Liberty,88th St-Boyd Av,40.679843,-73.85147
IND,Liberty,88th St-Boyd Av,40.679843,-73.85147
IND,Liberty,Grant Av,40.677044,-73.86505
IND,Liberty,Lefferts Blvd,40.685951,-73.825798
IND,Liberty,Lefferts Blvd,40.685951,-73.825798
IND,Liberty,Lefferts Blvd,40.685951,-73.825798
IND,Liberty,Lefferts Blvd,40.685951,-73.825798
IND,Liberty,Rockaway Blvd,40.680429,-73.843853
IND,Liberty,Rockaway Blvd,40.680429,-73.843853
IND,Liberty,Rockaway Blvd,40.680429,-73.843853
IND,Liberty,Rockaway Blvd,40.680429,-73.843853
BMT,Myrtle,Central Av,40.697857,-73.927397
BMT,Myrtle,Central Av,40.697857,-73.927397
BMT,Myrtle,Forest Av,40.704423,-73.903077
BMT,Myrtle,Forest Av,40.704423,-73.903077
BMT,Myrtle,Fresh Pond Rd,40.706186,-73.895877
BMT,Myrtle,Fresh Pond Rd,40.706186,-73.895877
BMT,Myrtle,Knickerbocker Av,40.698664,-73.919711
BMT,Myrtle,Knickerbocker Av,40.698664,-73.919711
BMT,Myrtle,Metropolitan Av,40.711396,-73.889601
BMT,Myrtle,Seneca Av,40.702762,-73.90774
BMT,Myrtle,Seneca Av,40.702762,-73.90774
BMT,Nassau,Bowery,40.72028,-73.993915
BMT,Nassau,Bowery,40.72028,-73.993915
BMT,Nassau,Broad St,40.706476,-74.011056
BMT,Nassau,Broad St,40.706476,-74.011056
BMT,Nassau,Broad St,40.706476,-74.011056
BMT,Nassau,Broad St,40.706476,-74.011056
BMT,Nassau,Broad St,40.706476,-74.011056
BMT,Nassau,Broad St,40.706476,-74.011056
BMT,Nassau,Broad St,40.706476,-74.011056
BMT,Nassau,Broad St,40.706476,-74.011056
BMT,Nassau,Broad St,40.706476,-74.011056
BMT,Nassau,Canal St,40.718092,-73.999892
BMT,Nassau,Chambers St,40.713243,-74.003401
BMT,Nassau,Chambers St,40.71419,-74.003199
BMT,Nassau,Essex St,40.718315,-73.987437
BMT,Nassau,Essex St,40.718315,-73.987437
BMT,Nassau,Fulton St,40.710374,-74.007582
BMT,Nassau,Fulton St,40.710374,-74.007582
BMT,Nassau,Fulton St,40.710374,-74.007582
BMT,Nassau,Fulton St,40.710374,-74.007582
BMT,Nassau,Fulton St,40.710374,-74.007582
BMT,Nassau,Fulton St,40.710374,-74.007582
IRT,New Lots,Junius St,40.663515,-73.902447
IRT,New Lots,Junius St,40.663515,-73.902447
IRT,New Lots,New Lots Av,40.666235,-73.884079
IRT,New Lots,New Lots Av,40.666235,-73.884079
IRT,New Lots,Pennsylvania Av,40.664635,-73.894895
IRT,New Lots,Pennsylvania Av,40.664635,-73.894895
IRT,New Lots,Rockaway Av,40.662549,-73.908946
IRT,New Lots,Rockaway Av,40.662549,-73.908946
IRT,New Lots,Saratoga Av,40.661453,-73.916327
IRT,New Lots,Saratoga Av,40.661453,-73.916327
IRT,New Lots,Saratoga Av,40.661453,-73.916327
IRT,New Lots,Sutter Av,40.664717,-73.92261
IRT,New Lots,Sutter Av,40.664717,-73.92261
IRT,New Lots,Sutter Av,40.664717,-73.92261
IRT,New Lots,Van Siclen Av,40.665449,-73.889395
IRT,New Lots,Van Siclen Av,40.665449,-73.889395
IRT,Nostrand,Beverly Rd,40.645098,-73.948959
IRT,Nostrand,Beverly Rd,40.645098,-73.948959
IRT,Nostrand,Church Av,40.650843,-73.949575
IRT,Nostrand,Church Av,40.650843,-73.949575
IRT,Nostrand,Church Av,40.650843,-73.949575
IRT,Nostrand,Church Av,40.650843,-73.949575
IRT,Nostrand,Church Av,40.650843,-73.949575
IRT,Nostrand,Church Av,40.650843,-73.949575
IRT,Nostrand,Church Av,40.650843,-73.949575
IRT,Nostrand,Flatbush Av-Brooklyn College,40.632836,-73.947642
IRT,Nostrand,Flatbush Av-Brooklyn College,40.632836,-73.947642
IRT,Nostrand,Flatbush Av-Brooklyn College,40.632836,-73.947642
IRT,Nostrand,Flatbush Av-Brooklyn College,40.632836,-73.947642
IRT,Nostrand,Flatbush Av-Brooklyn College,40.632836,-73.947642
IRT,Nostrand,Flatbush Av-Brooklyn College,40.632836,-73.947642
IRT,Nostrand,Flatbush Av-Brooklyn College,40.632836,-73.947642
IRT,Nostrand,Flatbush Av-Brooklyn College,40.632836,-73.947642
IRT,Nostrand,Newkirk Av,40.639967,-73.948411
IRT,Nostrand,Newkirk Av,40.639967,-73.948411
IRT,Nostrand,Newkirk Av,40.639967,-73.948411
IRT,Nostrand,President St,40.667883,-73.950683
IRT,Nostrand,President St,40.667883,-73.950683
IRT,Nostrand,Sterling St,40.662742,-73.95085
IRT,Nostrand,Sterling St,40.662742,-73.95085
IRT,Nostrand,Winthrop St,40.656652,-73.9502
IRT,Nostrand,Winthrop St,40.656652,-73.9502
IRT,Pelham,138th St-3rd Ave,40.810476,-73.926138
IRT,Pelham,138th St-3rd Ave,40.810476,-73.926138
IRT,Pelham,138th St-3rd Ave,40.810476,-73.926138
IRT,Pelham,138th St-3rd Ave,40.810476,-73.926138
IRT,Pelham,138th St-3rd Ave,40.810476,-73.926138
IRT,Pelham,138th St-3rd Ave,40.810476,-73.926138
IRT,Pelham,138th St-3rd Ave,40.810476,-73.926138
IRT,Pelham,Brook Av,40.807566,-73.91924
IRT,Pelham,Brook Av,40.807566,-73.91924
IRT,Pelham,Brook Av,40.807566,-73.91924
IRT,Pelham,Brook Av,40.807566,-73.91924
IRT,Pelham,Buhre Av,40.84681,-73.832569
IRT,Pelham,Buhre Av,40.84681,-73.832569
IRT,Pelham,Buhre Av,40.84681,-73.832569
IRT,Pelham,Castle Hill Av,40.834255,-73.851222
IRT,Pelham,Castle Hill Av,40.834255,-73.851222
IRT,Pelham,Cypress Av,40.805368,-73.914042
IRT,Pelham,Cypress Av,40.805368,-73.914042
IRT,Pelham,Cypress Av,40.805368,-73.914042
IRT,Pelham,Cypress Av,40.805368,-73.914042
IRT,Pelham,East 143rd St-St Mary's St,40.808719,-73.907657
IRT,Pelham,East 143rd St-St Mary's St,40.808719,-73.907657
IRT,Pelham,East 143rd St-St Mary's St,40.808719,-73.907657
IRT,Pelham,East 143rd St-St Mary's St,40.808719,-73.907657
IRT,Pelham,East 149th St,40.812118,-73.904098
IRT,Pelham,East 149th St,40.812118,-73.904098
IRT,Pelham,East 149th St,40.812118,-73.904098
IRT,Pelham,East 149th St,40.812118,-73.904098
IRT,Pelham,Elder Av,40.828584,-73.879159
IRT,Pelham,Elder Av,40.828584,-73.879159
IRT,Pelham,Hunts Point Av,40.820948,-73.890549
IRT,Pelham,Hunts Point Av,40.820948,-73.890549
IRT,Pelham,Hunts Point Av,40.820948,-73.890549
IRT,Pelham,Longwood Av,40.816104,-73.896435
IRT,Pelham,Longwood Av,40.816104,-73.896435
IRT,Pelham,Longwood Av,40.816104,-73.896435
IRT,Pelham,Longwood Av,40.816104,-73.896435
IRT,Pelham,Middletown Rd,40.843863,-73.836322
IRT,Pelham,Middletown Rd,40.843863,-73.836322
IRT,Pelham,Morrison Av-Soundview Av,40.829521,-73.874516
IRT,Pelham,Morrison Av-Soundview Av,40.829521,-73.874516
IRT,Pelham,Morrison Av-Soundview Av,40.829521,-73.874516
IRT,Pelham,Parkchester-East 177th St,40.833226,-73.860816
IRT,Pelham,Pelham Bay Park,40.852462,-73.828121
IRT,Pelham,Pelham Bay Park,40.852462,-73.828121
IRT,Pelham,Pelham Bay Park,40.852462,-73.828121
IRT,Pelham,Pelham Bay Park,40.852462,-73.828121
IRT,Pelham,Pelham Bay Park,40.852462,-73.828121
IRT,Pelham,St Lawrence Av,40.831509,-73.867618
IRT,Pelham,St Lawrence Av,40.831509,-73.867618
IRT,Pelham,Westchester Square-East Tremont Av,40.839892,-73.842952
IRT,Pelham,Whitlock Av,40.826525,-73.886283
IRT,Pelham,Whitlock Av,40.826525,-73.886283
IRT,Pelham,Zerega Av,40.836488,-73.847036
IRT,Pelham,Zerega Av,40.836488,-73.847036
IND,Queens Boulevard,169th St,40.71047,-73.793604
IND,Queens Boulevard,169th St,40.71047,-73.793604
IND,Queens Boulevard,169th St,40.71047,-73.793604
IND,Queens Boulevard,169th St,40.71047,-73.793604
IND,Queens Boulevard,169th St,40.71047,-73.793604
IND,Queens Boulevard,169th St,40.71047,-73.793604
IND,Queens Boulevard,169th St,40.71047,-73.793604
IND,Queens Boulevard,169th St,40.71047,-73.793604
IND,Queens Boulevard,23rd St-Ely Av,40.747846,-73.946
IND,Queens Boulevard,23rd St-Ely Av,40.747846,-73.946
IND,Queens Boulevard,23rd St-Ely Av,40.747846,-73.946
IND,Queens Boulevard,23rd St-Ely Av,40.747846,-73.946
IND,Queens Boulevard,36th St,40.752039,-73.928781
IND,Queens Boulevard,36th St,40.752039,-73.928781
IND,Queens Boulevard,36th St,40.752039,-73.928781
IND,Queens Boulevard,36th St,40.752039,-73.928781
IND,Queens Boulevard,36th St,40.752039,-73.928781
IND,Queens Boulevard,46th St,40.756312,-73.913333
IND,Queens Boulevard,46th St,40.756312,-73.913333
IND,Queens Boulevard,46th St,40.756312,-73.913333
IND,Queens Boulevard,46th St,40.756312,-73.913333
IND,Queens Boulevard,5th Av-53rd St,40.760167,-73.975224
IND,Queens Boulevard,5th Av-53rd St,40.760167,-73.975224
IND,Queens Boulevard,5th Av-53rd St,40.760167,-73.975224
IND,Queens Boulevard,5th Av-53rd St,40.760167,-73.975224
IND,Queens Boulevard,5th Av-53rd St,40.760167,-73.975224
IND,Queens Boulevard,63rd Drive-Rego Park,40.729846,-73.861604
IND,Queens Boulevard,63rd Drive-Rego Park,40.729846,-73.861604
IND,Queens Boulevard,63rd Drive-Rego Park,40.729846,-73.861604
IND,Queens Boulevard,63rd Drive-Rego Park,40.729846,-73.861604
IND,Queens Boulevard,63rd Drive-Rego Park,40.729846,-73.861604
IND,Queens Boulevard,63rd Drive-Rego Park,40.729846,-73.861604
IND,Queens Boulevard,63rd Drive-Rego Park,40.729846,-73.861604
IND,Queens Boulevard,65th St,40.749669,-73.898453
IND,Queens Boulevard,65th St,40.749669,-73.898453
IND,Queens Boulevard,67th Av,40.726523,-73.852719
IND,Queens Boulevard,67th Av,40.726523,-73.852719
IND,Queens Boulevard,67th Av,40.726523,-73.852719
IND,Queens Boulevard,67th Av,40.726523,-73.852719
IND,Queens Boulevard,75th Av,40.718331,-73.837324
IND,Queens Boulevard,75th Av,40.718331,-73.837324
IND,Queens Boulevard,75th Av,40.718331,-73.837324
IND,Queens Boulevard,7th Av,40.762862,-73.981637
IND,Queens Boulevard,7th Av,40.762862,-73.981637
IND,Queens Boulevard,7th Av,40.762862,-73.981637
IND,Queens Boulevard,7th Av,40.762862,-73.981637
IND,Queens Boulevard,Briarwood-Van Wyck Blvd,40.709179,-73.820574
IND,Queens Boulevard,Briarwood-Van Wyck Blvd,40.709179,-73.820574
IND,Queens Boulevard,Briarwood-Van Wyck Blvd,40.709179,-73.820574
IND,Queens Boulevard,Elmhurst Av,40.742454,-73.882017
IND,Queens Boulevard,Elmhurst Av,40.742454,-73.882017
IND,Queens Boulevard,Elmhurst Av,40.742454,-73.882017
IND,Queens Boulevard,Elmhurst Av,40.742454,-73.882017
IND,Queens Boulevard,Elmhurst Av,40.742454,-73.882017
IND,Queens Boulevard,Forest Hills-71st Av,40.721691,-73.844521
IND,Queens Boulevard,Forest Hills-71st Av,40.721691,-73.844521
IND,Queens Boulevard,Forest Hills-71st Av,40.721691,-73.844521
IND,Queens Boulevard,Forest Hills-71st Av,40.721691,-73.844521
IND,Queens Boulevard,Forest Hills-71st Av,40.721691,-73.844521
IND,Queens Boulevard,Grand Av-Newtown,40.737015,-73.877223
IND,Queens Boulevard,Grand Av-Newtown,40.737015,-73.877223
IND,Queens Boulevard,Grand Av-Newtown,40.737015,-73.877223
IND,Queens Boulevard,Grand Av-Newtown,40.737015,-73.877223
IND,Queens Boulevard,Grand Av-Newtown,40.737015,-73.877223
IND,Queens Boulevard,Jackson Heights-Roosevelt Ave,40.746644,-73.891338
IND,Queens Boulevard,Jackson Heights-Roosevelt Ave,40.746644,-73.891338
IND,Queens Boulevard,Jackson Heights-Roosevelt Ave,40.746644,-73.891338
IND,Queens Boulevard,Jackson Heights-Roosevelt Ave,40.746644,-73.891338
IND,Queens Boulevard,Jackson Heights-Roosevelt Ave,40.746644,-73.891338
IND,Queens Boulevard,Jackson Heights-Roosevelt Ave,40.746644,-73.891338
IND,Queens Boulevard,Jackson Heights-Roosevelt Ave,40.746644,-73.891338
IND,Queens Boulevard,Jamaica-179th St,40.712646,-73.783817
IND,Queens Boulevard,Jamaica-179th St,40.712646,-73.783817
IND,Queens Boulevard,Jamaica-179th St,40.712646,-73.783817
IND,Queens Boulevard,Jamaica-179th St,40.712646,-73.783817
IND,Queens Boulevard,Jamaica-179th St,40.712646,-73.783817
IND,Queens Boulevard,Jamaica-179th St,40.712646,-73.783817
IND,Queens Boulevard,Jamaica-179th St,40.712646,-73.783817
IND,Queens Boulevard,Jamaica-179th St,40.712646,-73.783817
IND,Queens Boulevard,Jamaica-179th St,40.712646,-73.783817
IND,Queens Boulevard,Jamaica-179th St,40.712646,-73.783817
IND,Queens Boulevard,Jamaica-179th St,40.712646,-73.783817
IND,Queens Boulevard,Jamaica-179th St,40.712646,-73.783817
IND,Queens Boulevard,Jamaica-179th St,40.712646,-73.783817
IND,Queens Boulevard,Jamaica-179th St,40.712646,-73.783817
IND,Queens Boulevard,Jamaica-179th St,40.712646,-73.783817
IND,Queens Boulevard,Jamaica-179th St,40.712646,-73.783817
IND,Queens Boulevard,Kew Gardens-Union Turnpike,40.714441,-73.831008
IND,Queens Boulevard,Kew Gardens-Union Turnpike,40.714441,-73.831008
IND,Queens Boulevard,Kew Gardens-Union Turnpike,40.714441,-73.831008
IND,Queens Boulevard,Kew Gardens-Union Turnpike,40.714441,-73.831008
IND,Queens Boulevard,Kew Gardens-Union Turnpike,40.714441,-73.831008
IND,Queens Boulevard,Kew Gardens-Union Turnpike,40.714441,-73.831008
IND,Queens Boulevard,Kew Gardens-Union Turnpike,40.714441,-73.831008
IND,Queens Boulevard,Kew Gardens-Union Turnpike,40.714441,-73.831008
IND,Queens Boulevard,Lexington Av-53rd St,40.757552,-73.969055
IND,Queens Boulevard,Lexington Av-53rd St,40.757552,-73.969055
IND,Queens Boulevard,Lexington Av-53rd St,40.757552,-73.969055
IND,Queens Boulevard,Lexington Av-53rd St,40.757552,-73.969055
IND,Queens Boulevard,Lexington Av-53rd St,40.757552,-73.969055
IND,Queens Boulevard,Lexington Av-53rd St,40.757552,-73.969055
IND,Queens Boulevard,Lexington Av-53rd St,40.757552,-73.969055
IND,Queens Boulevard,Northern Blvd,40.752885,-73.906006
IND,Queens Boulevard,Northern Blvd,40.752885,-73.906006
IND,Queens Boulevard,Parsons Blvd,40.707564,-73.803326
IND,Queens Boulevard,Parsons Blvd,40.707564,-73.803326
IND,Queens Boulevard,Parsons Blvd,40.707564,-73.803326
IND,Queens Boulevard,Parsons Blvd,40.707564,-73.803326
IND,Queens Boulevard,Parsons Blvd,40.707564,-73.803326
IND,Queens Boulevard,Parsons Blvd,40.707564,-73.803326
IND,Queens Boulevard,Queens Plaza,40.748973,-73.937243
IND,Queens Boulevard,Queens Plaza,40.748973,-73.937243
IND,Queens Boulevard,Queens Plaza,40.748973,-73.937243
IND,Queens Boulevard,Queens Plaza,40.748973,-73.937243
IND,Queens Boulevard,Queens Plaza,40.748973,-73.937243
IND,Queens Boulevard,Queens Plaza,40.748973,-73.937243
IND,Queens Boulevard,Queens Plaza,40.748973,-73.937243
IND,Queens Boulevard,Steinway St,40.756879,-73.92074
IND,Queens Boulevard,Steinway St,40.756879,-73.92074
IND,Queens Boulevard,Steinway St,40.756879,-73.92074
IND,Queens Boulevard,Steinway St,40.756879,-73.92074
IND,Queens Boulevard,Sutphin Blvd,40.70546,-73.810708
IND,Queens Boulevard,Sutphin Blvd,40.70546,-73.810708
IND,Queens Boulevard,Sutphin Blvd,40.70546,-73.810708
IND,Queens Boulevard,Sutphin Blvd,40.70546,-73.810708
IND,Queens Boulevard,Sutphin Blvd,40.70546,-73.810708
IND,Queens Boulevard,Woodhaven Blvd,40.733106,-73.869229
IND,Queens Boulevard,Woodhaven Blvd,40.733106,-73.869229
IND,Queens Boulevard,Woodhaven Blvd,40.733106,-73.869229
IND,Queens Boulevard,Woodhaven Blvd,40.733106,-73.869229
IND,Rockaway,Aqueduct Racetrack,40.672131,-73.835812
IND,Rockaway,Aqueduct-North Conduit Av,40.668234,-73.834058
IND,Rockaway,Aqueduct-North Conduit Av,40.668234,-73.834058
IND,Rockaway,Beach 105th St,40.583209,-73.827559
IND,Rockaway,Beach 105th St,40.583209,-73.827559
IND,Rockaway,Beach 105th St,40.583209,-73.827559
IND,Rockaway,Beach 105th St,40.583209,-73.827559
IND,Rockaway,Beach 25th St,40.600066,-73.761353
IND,Rockaway,Beach 25th St,40.600066,-73.761353
IND,Rockaway,Beach 25th St,40.600066,-73.761353
IND,Rockaway,Beach 36th St,40.595398,-73.768175
IND,Rockaway,Beach 36th St,40.595398,-73.768175
IND,Rockaway,Beach 36th St,40.595398,-73.768175
IND,Rockaway,Beach 36th St,40.595398,-73.768175
IND,Rockaway,Beach 44th St,40.592943,-73.776013
IND,Rockaway,Beach 44th St,40.592943,-73.776013
IND,Rockaway,Beach 44th St,40.592943,-73.776013
IND,Rockaway,Beach 44th St,40.592943,-73.776013
IND,Rockaway,Beach 60th St,40.592374,-73.788522
IND,Rockaway,Beach 60th St,40.592374,-73.788522
IND,Rockaway,Beach 60th St,40.592374,-73.788522
IND,Rockaway,Beach 60th St,40.592374,-73.788522
IND,Rockaway,Beach 67th St,40.590927,-73.796924
IND,Rockaway,Beach 67th St,40.590927,-73.796924
IND,Rockaway,Beach 67th St,40.590927,-73.796924
IND,Rockaway,Beach 67th St,40.590927,-73.796924
IND,Rockaway,Beach 90th St,40.588034,-73.813641
IND,Rockaway,Beach 90th St,40.588034,-73.813641
IND,Rockaway,Beach 90th St,40.588034,-73.813641
IND,Rockaway,Beach 90th St,40.588034,-73.813641
IND,Rockaway,Beach 98th St,40.585307,-73.820558
IND,Rockaway,Beach 98th St,40.585307,-73.820558
IND,Rockaway,Beach 98th St,40.585307,-73.820558
IND,Rockaway,Broad Channel,40.608382,-73.815925
IND,Rockaway,Far Rockaway-Mott Av,40.603995,-73.755405
IND,Rockaway,Howard Beach,40.660476,-73.830301
IND,Rockaway,Howard Beach,40.660476,-73.830301
IND,Rockaway,Howard Beach,40.660476,-73.830301
IND,Rockaway,Howard Beach,40.660476,-73.830301
IND,Rockaway,Rockaway Park-Beach 116th,40.580903,-73.835592
BMT,Sea Beach,18th Av,40.620671,-73.990414
BMT,Sea Beach,18th Av,40.620671,-73.990414
BMT,Sea Beach,20th Av,40.61741,-73.985026
BMT,Sea Beach,86th St,40.592721,-73.97823
BMT,Sea Beach,8th Av,40.635064,-74.011719
BMT,Sea Beach,Av U,40.597473,-73.979137
BMT,Sea Beach,Av U,40.597473,-73.979137
BMT,Sea Beach,Bay Parkway-22nd Av,40.611815,-73.981848
BMT,Sea Beach,Bay Parkway-22nd Av,40.611815,-73.981848
BMT,Sea Beach,Fort Hamilton Parkway,40.631386,-74.005351
BMT,Sea Beach,Fort Hamilton Parkway,40.631386,-74.005351
BMT,Sea Beach,Kings Highway,40.603923,-73.980353
BMT,Sea Beach,Kings Highway,40.603923,-73.980353
BMT,Sea Beach,New Utrecht Av,40.624842,-73.996353
BMT,Sea Beach,New Utrecht Av,40.624842,-73.996353
BMT,West End,18th Av,40.607954,-74.001736
BMT,West End,18th Av,40.607954,-74.001736
BMT,West End,18th Av,40.607954,-74.001736
BMT,West End,20th Av,40.604556,-73.998168
BMT,West End,20th Av,40.604556,-73.998168
BMT,West End,20th Av,40.604556,-73.998168
BMT,West End,20th Av,40.604556,-73.998168
BMT,West End,25th Av,40.597704,-73.986829
BMT,West End,25th Av,40.597704,-73.986829
BMT,West End,25th Av,40.597704,-73.986829
BMT,West End,25th Av,40.597704,-73.986829
BMT,West End,50th St,40.63626,-73.994791
BMT,West End,50th St,40.63626,-73.994791
BMT,West End,50th St,40.63626,-73.994791
BMT,West End,50th St,40.63626,-73.994791
BMT,West End,55th St,40.631435,-73.995476
BMT,West End,55th St,40.631435,-73.995476
BMT,West End,55th St,40.631435,-73.995476
BMT,West End,62nd St,40.626472,-73.996895
BMT,West End,62nd St,40.626472,-73.996895
BMT,West End,62nd St,40.626472,-73.996895
BMT,West End,71st St,40.619589,-73.998864
BMT,West End,71st St,40.619589,-73.998864
BMT,West End,71st St,40.619589,-73.998864
BMT,West End,71st St,40.619589,-73.998864
BMT,West End,71st St,40.619589,-73.998864
BMT,West End,71st St,40.619589,-73.998864
BMT,West End,79th St,40.613501,-74.00061
BMT,West End,79th St,40.613501,-74.00061
BMT,West End,79th St,40.613501,-74.00061
BMT,West End,79th St,40.613501,-74.00061
BMT,West End,9th Av,40.646292,-73.994324
BMT,West End,Bay 50th St,40.588841,-73.983765
BMT,West End,Bay 50th St,40.588841,-73.983765
BMT,West End,Bay 50th St,40.588841,-73.983765
BMT,West End,Bay 50th St,40.588841,-73.983765
BMT,West End,Bay Parkway,40.601875,-73.993728
BMT,West End,Bay Parkway,40.601875,-73.993728
BMT,West End,Bay Parkway,40.601875,-73.993728
BMT,West End,Bay Parkway,40.601875,-73.993728
BMT,West End,Fort Hamilton Parkway,40.640914,-73.994304
BMT,West End,Fort Hamilton Parkway,40.640914,-73.994304
BMT,West End,Fort Hamilton Parkway,40.640914,-73.994304
BMT,West End,Fort Hamilton Parkway,40.640914,-73.994304
IRT,White Plains Road,149th St-3rd Av,40.816109,-73.917757
IRT,White Plains Road,149th St-3rd Av,40.816109,-73.917757
IRT,White Plains Road,149th St-3rd Av,40.816109,-73.917757
IRT,White Plains Road,149th St-3rd Av,40.816109,-73.917757
IRT,White Plains Road,149th St-3rd Av,40.816109,-73.917757
IRT,White Plains Road,149th St-3rd Av,40.816109,-73.917757
IRT,White Plains Road,149th St-3rd Av,40.816109,-73.917757
IRT,White Plains Road,149th St-3rd Av,40.816109,-73.917757
IRT,White Plains Road,174th St,40.837288,-73.887734
IRT,White Plains Road,174th St,40.837288,-73.887734
IRT,White Plains Road,174th St,40.837288,-73.887734
IRT,White Plains Road,174th St,40.837288,-73.887734
IRT,White Plains Road,219th St,40.883895,-73.862633
IRT,White Plains Road,219th St,40.883895,-73.862633
IRT,White Plains Road,225th St,40.888022,-73.860341
IRT,White Plains Road,225th St,40.888022,-73.860341
IRT,White Plains Road,225th St,40.888022,-73.860341
IRT,White Plains Road,233rd St,40.893193,-73.857473
IRT,White Plains Road,233rd St,40.893193,-73.857473
IRT,White Plains Road,238th St-Nereid Av,40.898379,-73.854376
IRT,White Plains Road,238th St-Nereid Av,40.898379,-73.854376
IRT,White Plains Road,Allerton Av,40.865462,-73.867352
IRT,White Plains Road,Allerton Av,40.865462,-73.867352
IRT,White Plains Road,Bronx Park East,40.848828,-73.868457
IRT,White Plains Road,Bronx Park East,40.848828,-73.868457
IRT,White Plains Road,Bronx Park East,40.848828,-73.868457
IRT,White Plains Road,Burke Av,40.871356,-73.867164
IRT,White Plains Road,Burke Av,40.871356,-73.867164
IRT,White Plains Road,East 180th St,40.841894,-73.873488
IRT,White Plains Road,East 180th St,40.841894,-73.873488
IRT,White Plains Road,East Tremont Av-West Farms Sq,40.840295,-73.880049
IRT,White Plains Road,East Tremont Av-West Farms Sq,40.840295,-73.880049
IRT,White Plains Road,East Tremont Av-West Farms Sq,40.840295,-73.880049
IRT,White Plains Road,East Tremont Av-West Farms Sq,40.840295,-73.880049
IRT,White Plains Road,East Tremont Av-West Farms Sq,40.840295,-73.880049
IRT,White Plains Road,Freeman St,40.829993,-73.891865
IRT,White Plains Road,Freeman St,40.829993,-73.891865
IRT,White Plains Road,Freeman St,40.829993,-73.891865
IRT,White Plains Road,Freeman St,40.829993,-73.891865
IRT,White Plains Road,Gun Hill Rd,40.87785,-73.866256
IRT,White Plains Road,Gun Hill Rd,40.87785,-73.866256
IRT,White Plains Road,Intervale Av,40.822181,-73.896736
IRT,White Plains Road,Intervale Av,40.822181,-73.896736
IRT,White Plains Road,Intervale Av,40.822181,-73.896736
IRT,White Plains Road,Jackson Av,40.81649,-73.907807
IRT,White Plains Road,Jackson Av,40.81649,-73.907807
IRT,White Plains Road,Jackson Av,40.81649,-73.907807
IRT,White Plains Road,Jackson Av,40.81649,-73.907807
IRT,White Plains Road,Pelham Parkway,40.857192,-73.867615
IRT,White Plains Road,Pelham Parkway,40.857192,-73.867615
IRT,White Plains Road,Pelham Parkway,40.857192,-73.867615
IRT,White Plains Road,Pelham Parkway,40.857192,-73.867615
IRT,White Plains Road,Pelham Parkway,40.857192,-73.867615
IRT,White Plains Road,Prospect Av,40.819585,-73.90177
IRT,White Plains Road,Prospect Av,40.819585,-73.90177
IRT,White Plains Road,Prospect Av,40.819585,-73.90177
IRT,White Plains Road,Prospect Av,40.819585,-73.90177
IRT,White Plains Road,Prospect Av,40.819585,-73.90177
IRT,White Plains Road,Simpson St,40.824073,-73.893064
IRT,White Plains Road,Simpson St,40.824073,-73.893064
IRT,White Plains Road,Simpson St,40.824073,-73.893064
IRT,White Plains Road,Simpson St,40.824073,-73.893064
IRT,White Plains Road,Simpson St,40.824073,-73.893064
IRT,White Plains Road,Wakefield-241st St,40.903125,-73.85062
IRT,White Plains Road,Wakefield-241st St,40.903125,-73.85062
IRT,White Plains Road,Wakefield-241st St,40.903125,-73.85062
IRT,Flushing,34 St Hudson Yards,40.755882,-74.00191
IRT,Flushing,34 St Hudson Yards,40.755882,-74.00191